game_str,play_id,at_bat,play_per_game,timestamp,player_position,event_code
y2_d071_DYE_YJD,1,1,1,51651,1,1
y2_d071_DYE_YJD,1,1,1,52151,2,2
y2_d071_DYE_YJD,1,1,1,52151,0,5
y2_d071_DYE_YJD,2,1,2,64501,1,1
y2_d071_DYE_YJD,2,1,2,64951,2,2
y2_d071_DYE_YJD,2,1,2,64951,0,5
y2_d071_DYE_YJD,3,1,3,78401,1,1
y2_d071_DYE_YJD,3,1,3,78851,2,2
y2_d071_DYE_YJD,3,1,3,78851,0,5
y2_d071_DYE_YJD,4,1,4,93301,1,1
y2_d071_DYE_YJD,4,1,4,93701,10,4
y2_d071_DYE_YJD,4,1,4,94201,0,5
y2_d071_DYE_YJD,5,1,5,111751,1,1
y2_d071_DYE_YJD,5,1,5,112151,10,4
y2_d071_DYE_YJD,5,1,5,112751,0,5
y2_d071_DYE_YJD,6,1,6,163501,1,1
y2_d071_DYE_YJD,6,1,6,164001,2,2
y2_d071_DYE_YJD,6,1,6,164001,0,5
y2_d071_DYE_YJD,7,1,7,178151,1,1
y2_d071_DYE_YJD,7,1,7,178601,2,2
y2_d071_DYE_YJD,7,1,7,178601,0,5
y2_d071_DYE_YJD,8,2,8,207101,1,1
y2_d071_DYE_YJD,8,2,8,207551,2,2
y2_d071_DYE_YJD,8,2,8,207551,0,5
y2_d071_DYE_YJD,9,2,9,219001,1,1
y2_d071_DYE_YJD,9,2,9,219401,10,4
y2_d071_DYE_YJD,9,2,9,225101,8,2
y2_d071_DYE_YJD,9,2,9,225951,0,5
y2_d071_DYE_YJD,10,3,10,258101,1,1
y2_d071_DYE_YJD,10,3,10,258551,2,2
y2_d071_DYE_YJD,10,3,10,258551,0,5
y2_d071_DYE_YJD,11,3,11,271451,1,1
y2_d071_DYE_YJD,11,3,11,271901,2,2
y2_d071_DYE_YJD,11,3,11,271901,0,5
y2_d071_DYE_YJD,12,3,12,286101,1,1
y2_d071_DYE_YJD,12,3,12,286551,2,2
y2_d071_DYE_YJD,12,3,12,286551,0,5
y2_d071_DYE_YJD,13,3,13,301851,1,1
y2_d071_DYE_YJD,13,3,13,302301,2,2
y2_d071_DYE_YJD,13,3,13,302301,0,5
y2_d071_DYE_YJD,14,3,14,315751,1,1
y2_d071_DYE_YJD,14,3,14,316201,2,2
y2_d071_DYE_YJD,14,3,14,316201,0,5
y2_d071_DYE_YJD,15,3,15,335251,1,1
y2_d071_DYE_YJD,15,3,15,335651,10,4
y2_d071_DYE_YJD,15,3,15,341151,8,2
y2_d071_DYE_YJD,15,3,15,341851,0,5
y2_d071_DYE_YJD,16,4,16,486001,1,1
y2_d071_DYE_YJD,16,4,16,486501,2,2
y2_d071_DYE_YJD,16,4,16,486501,0,5
y2_d071_DYE_YJD,17,4,17,499151,1,1
y2_d071_DYE_YJD,17,4,17,499551,10,4
y2_d071_DYE_YJD,17,4,17,499701,0,5
y2_d071_DYE_YJD,18,4,18,516301,1,1
y2_d071_DYE_YJD,18,4,18,516751,2,2
y2_d071_DYE_YJD,18,4,18,516751,0,5
y2_d071_DYE_YJD,19,4,19,527801,1,1
y2_d071_DYE_YJD,19,4,19,528251,10,4
y2_d071_DYE_YJD,19,4,19,528701,0,5
y2_d071_DYE_YJD,20,4,20,554601,1,1
y2_d071_DYE_YJD,20,4,20,555051,2,2
y2_d071_DYE_YJD,20,4,20,555051,0,5
y2_d071_DYE_YJD,21,5,21,582001,1,1
y2_d071_DYE_YJD,21,5,21,582451,2,2
y2_d071_DYE_YJD,21,5,21,582451,0,5
y2_d071_DYE_YJD,22,5,22,593601,1,1
y2_d071_DYE_YJD,22,5,22,594101,2,2
y2_d071_DYE_YJD,22,5,22,594101,0,5
y2_d071_DYE_YJD,23,5,23,605951,1,1
y2_d071_DYE_YJD,23,5,23,606401,10,4
y2_d071_DYE_YJD,23,5,23,607051,0,5
y2_d071_DYE_YJD,24,5,24,624851,1,1
y2_d071_DYE_YJD,24,5,24,625251,10,4
y2_d071_DYE_YJD,24,5,24,625401,0,5
y2_d071_DYE_YJD,25,5,25,640101,1,1
y2_d071_DYE_YJD,25,5,25,640551,10,4
y2_d071_DYE_YJD,25,5,25,642951,255,16
y2_d071_DYE_YJD,25,5,25,643601,7,2
y2_d071_DYE_YJD,25,5,25,645451,7,3
y2_d071_DYE_YJD,25,5,25,647151,255,16
y2_d071_DYE_YJD,25,5,25,647551,6,2
y2_d071_DYE_YJD,25,5,25,647951,0,5
y2_d071_DYE_YJD,26,6,26,674951,1,6
y2_d071_DYE_YJD,26,6,26,675601,3,2
y2_d071_DYE_YJD,26,6,26,675851,0,5
y2_d071_DYE_YJD,27,6,27,693801,1,1
y2_d071_DYE_YJD,27,6,27,694301,2,2
y2_d071_DYE_YJD,27,6,27,694301,0,5
y2_d071_DYE_YJD,28,6,28,713651,1,1
y2_d071_DYE_YJD,28,6,28,714101,2,2
y2_d071_DYE_YJD,28,6,28,714101,0,5
y2_d071_DYE_YJD,29,6,29,732101,1,1
y2_d071_DYE_YJD,29,6,29,732601,2,2
y2_d071_DYE_YJD,29,6,29,732601,0,5
y2_d071_DYE_YJD,30,6,30,758151,1,1
y2_d071_DYE_YJD,30,6,30,758551,10,4
y2_d071_DYE_YJD,30,6,30,763651,8,2
y2_d071_DYE_YJD,30,6,30,765351,8,3
y2_d071_DYE_YJD,30,6,30,766251,4,2
y2_d071_DYE_YJD,30,6,30,766551,0,5
y2_d071_DYE_YJD,31,7,31,797251,1,1
y2_d071_DYE_YJD,31,7,31,797801,2,2
y2_d071_DYE_YJD,31,7,31,797801,0,5
y2_d071_DYE_YJD,32,7,32,814651,1,1
y2_d071_DYE_YJD,32,7,32,815051,10,4
y2_d071_DYE_YJD,32,7,32,815151,0,5
y2_d071_DYE_YJD,33,7,33,839501,1,1
y2_d071_DYE_YJD,33,7,33,839951,10,4
y2_d071_DYE_YJD,33,7,33,843501,7,2
y2_d071_DYE_YJD,33,7,33,844051,0,5
y2_d071_DYE_YJD,34,8,34,980101,1,1
y2_d071_DYE_YJD,34,8,34,980551,2,2
y2_d071_DYE_YJD,34,8,34,980551,0,5
y2_d071_DYE_YJD,35,8,35,994751,1,1
y2_d071_DYE_YJD,35,8,35,995201,2,2
y2_d071_DYE_YJD,35,8,35,995201,0,5
y2_d071_DYE_YJD,36,8,36,1009851,1,1
y2_d071_DYE_YJD,36,8,36,1010301,2,2
y2_d071_DYE_YJD,36,8,36,1010301,0,5
y2_d071_DYE_YJD,37,8,37,1025551,1,1
y2_d071_DYE_YJD,37,8,37,1026051,2,2
y2_d071_DYE_YJD,37,8,37,1026051,0,5
y2_d071_DYE_YJD,38,8,38,1041451,1,1
y2_d071_DYE_YJD,38,8,38,1041951,2,2
y2_d071_DYE_YJD,38,8,38,1041951,0,5
y2_d071_DYE_YJD,39,8,39,1058951,1,1
y2_d071_DYE_YJD,39,8,39,1059401,2,2
y2_d071_DYE_YJD,39,8,39,1059401,0,5
y2_d071_DYE_YJD,40,9,40,1093201,1,1
y2_d071_DYE_YJD,40,9,40,1093651,2,2
y2_d071_DYE_YJD,40,9,40,1093651,0,5
y2_d071_DYE_YJD,41,9,41,1106801,1,1
y2_d071_DYE_YJD,41,9,41,1107251,2,2
y2_d071_DYE_YJD,41,9,41,1107251,0,5
y2_d071_DYE_YJD,42,9,42,1120001,1,1
y2_d071_DYE_YJD,42,9,42,1120401,10,4
y2_d071_DYE_YJD,42,9,42,1121001,0,5
y2_d071_DYE_YJD,43,9,43,1142651,1,1
y2_d071_DYE_YJD,43,9,43,1143101,2,2
y2_d071_DYE_YJD,43,9,43,1143101,0,5
y2_d071_DYE_YJD,44,10,44,1173051,1,1
y2_d071_DYE_YJD,44,10,44,1173501,2,2
y2_d071_DYE_YJD,44,10,44,1173501,0,5
y2_d071_DYE_YJD,45,10,45,1185901,1,1
y2_d071_DYE_YJD,45,10,45,1186351,10,4
y2_d071_DYE_YJD,45,10,45,1191301,7,2
y2_d071_DYE_YJD,45,10,45,1191651,0,5
y2_d071_DYE_YJD,46,11,46,1323801,1,1
y2_d071_DYE_YJD,46,11,46,1324251,2,2
y2_d071_DYE_YJD,46,11,46,1324251,0,5
y2_d071_DYE_YJD,47,11,47,1336001,1,1
y2_d071_DYE_YJD,47,11,47,1336451,10,4
y2_d071_DYE_YJD,47,11,47,1336951,0,5
y2_d071_DYE_YJD,48,11,48,1352951,1,1
y2_d071_DYE_YJD,48,11,48,1353401,2,2
y2_d071_DYE_YJD,48,11,48,1353401,0,5
y2_d071_DYE_YJD,49,11,49,1364401,1,1
y2_d071_DYE_YJD,49,11,49,1364901,2,2
y2_d071_DYE_YJD,49,11,49,1364901,0,5
y2_d071_DYE_YJD,50,12,50,1393801,1,1
y2_d071_DYE_YJD,50,12,50,1394251,2,2
y2_d071_DYE_YJD,50,12,50,1394251,0,5
y2_d071_DYE_YJD,51,12,51,1405051,1,1
y2_d071_DYE_YJD,51,12,51,1405551,2,2
y2_d071_DYE_YJD,51,12,51,1405551,0,5
y2_d071_DYE_YJD,52,12,52,1417851,1,1
y2_d071_DYE_YJD,52,12,52,1418301,10,4
y2_d071_DYE_YJD,52,12,52,1418451,0,5
y2_d071_DYE_YJD,53,12,53,1432651,1,1
y2_d071_DYE_YJD,53,12,53,1433051,10,4
y2_d071_DYE_YJD,53,12,53,1438251,7,2
y2_d071_DYE_YJD,53,12,53,1438651,0,5
y2_d071_DYE_YJD,54,13,54,1463901,1,1
y2_d071_DYE_YJD,54,13,54,1464401,2,2
y2_d071_DYE_YJD,54,13,54,1464401,0,5
y2_d071_DYE_YJD,55,13,55,1475551,1,1
y2_d071_DYE_YJD,55,13,55,1476051,2,2
y2_d071_DYE_YJD,55,13,55,1476051,0,5
y2_d071_DYE_YJD,56,13,56,1491551,1,1
y2_d071_DYE_YJD,56,13,56,1491951,10,4
y2_d071_DYE_YJD,56,13,56,1492701,0,5
y2_d071_DYE_YJD,57,13,57,1512501,1,1
y2_d071_DYE_YJD,57,13,57,1512901,10,4
y2_d071_DYE_YJD,57,13,57,1513351,0,5
y2_d071_DYE_YJD,58,13,58,1530701,1,1
y2_d071_DYE_YJD,58,13,58,1531151,10,4
y2_d071_DYE_YJD,58,13,58,1531401,0,5
y2_d071_DYE_YJD,59,13,59,1552901,1,1
y2_d071_DYE_YJD,59,13,59,1553351,2,2
y2_d071_DYE_YJD,59,13,59,1553351,0,5
y2_d071_DYE_YJD,60,13,60,1568501,1,1
y2_d071_DYE_YJD,60,13,60,1569001,2,2
y2_d071_DYE_YJD,60,13,60,1569001,0,5
y2_d071_DYE_YJD,61,13,61,1586001,1,1
y2_d071_DYE_YJD,61,13,61,1586551,2,2
y2_d071_DYE_YJD,61,13,61,1586551,0,5
y2_d071_DYE_YJD,62,14,62,1721201,1,1
y2_d071_DYE_YJD,62,14,62,1721701,2,2
y2_d071_DYE_YJD,62,14,62,1721701,0,5
y2_d071_DYE_YJD,63,14,63,1734951,1,1
y2_d071_DYE_YJD,63,14,63,1735351,10,4
y2_d071_DYE_YJD,63,14,63,1740951,3,2
y2_d071_DYE_YJD,63,14,63,1741301,0,5
y2_d071_DYE_YJD,64,15,64,1777801,1,1
y2_d071_DYE_YJD,64,15,64,1778251,2,2
y2_d071_DYE_YJD,64,15,64,1778251,0,5
y2_d071_DYE_YJD,65,15,65,1792651,1,1
y2_d071_DYE_YJD,65,15,65,1793151,2,2
y2_d071_DYE_YJD,65,15,65,1793151,0,5
y2_d071_DYE_YJD,66,15,66,1807351,1,1
y2_d071_DYE_YJD,66,15,66,1807751,10,4
y2_d071_DYE_YJD,66,15,66,1808151,0,5
y2_d071_DYE_YJD,67,15,67,1861001,1,1
y2_d071_DYE_YJD,67,15,67,1861401,10,4
y2_d071_DYE_YJD,67,15,67,1866151,255,16
y2_d071_DYE_YJD,67,15,67,1867601,255,10
y2_d071_DYE_YJD,67,15,67,1868601,9,2
y2_d071_DYE_YJD,67,15,67,1871401,9,3
y2_d071_DYE_YJD,67,15,67,1873701,255,16
y2_d071_DYE_YJD,67,15,67,1873901,4,2
y2_d071_DYE_YJD,67,15,67,1874351,0,5
y2_d071_DYE_YJD,68,16,68,1913101,1,1
y2_d071_DYE_YJD,68,16,68,1913601,2,2
y2_d071_DYE_YJD,68,16,68,1913601,0,5
y2_d071_DYE_YJD,69,16,69,1933851,1,1
y2_d071_DYE_YJD,69,16,69,1934251,10,4
y2_d071_DYE_YJD,69,16,69,1934451,0,5
y2_d071_DYE_YJD,70,16,70,1961451,1,1
y2_d071_DYE_YJD,70,16,70,1961951,2,2
y2_d071_DYE_YJD,70,16,70,1961951,0,5
y2_d071_DYE_YJD,71,16,71,1985851,1,1
y2_d071_DYE_YJD,71,16,71,1986251,10,4
y2_d071_DYE_YJD,71,16,71,1986701,0,5
y2_d071_DYE_YJD,72,16,72,2015601,1,1
y2_d071_DYE_YJD,72,16,72,2016001,10,4
y2_d071_DYE_YJD,72,16,72,2016251,0,5
y2_d071_DYE_YJD,73,16,73,2055201,1,1
y2_d071_DYE_YJD,73,16,73,2055601,10,4
y2_d071_DYE_YJD,73,16,73,2055701,0,5
y2_d071_DYE_YJD,74,16,74,2081301,1,1
y2_d071_DYE_YJD,74,16,74,2081801,2,2
y2_d071_DYE_YJD,74,16,74,2081801,0,5
y2_d071_DYE_YJD,75,17,75,2121201,1,1
y2_d071_DYE_YJD,75,17,75,2121701,2,2
y2_d071_DYE_YJD,75,17,75,2121701,0,5
y2_d071_DYE_YJD,76,17,76,2140501,1,1
y2_d071_DYE_YJD,76,17,76,2140951,2,2
y2_d071_DYE_YJD,76,17,76,2140951,0,5
y2_d071_DYE_YJD,77,17,77,2161601,1,1
y2_d071_DYE_YJD,77,17,77,2162051,10,4
y2_d071_DYE_YJD,77,17,77,2162451,0,5
y2_d071_DYE_YJD,78,17,78,2191201,1,1
y2_d071_DYE_YJD,78,17,78,2191651,2,2
y2_d071_DYE_YJD,78,17,78,2191651,0,5
y2_d071_DYE_YJD,79,18,79,2341451,1,1
y2_d071_DYE_YJD,79,18,79,2342001,2,2
y2_d071_DYE_YJD,79,18,79,2342001,0,5
y2_d071_DYE_YJD,80,18,80,2352101,1,1
y2_d071_DYE_YJD,80,18,80,2352601,2,2
y2_d071_DYE_YJD,80,18,80,2352601,0,5
y2_d071_DYE_YJD,81,18,81,2364201,1,1
y2_d071_DYE_YJD,81,18,81,2364651,10,9
y2_d071_DYE_YJD,81,18,81,2364701,0,5
y2_d071_DYE_YJD,82,19,82,2403051,1,1
y2_d071_DYE_YJD,82,19,82,2403551,2,2
y2_d071_DYE_YJD,82,19,82,2403551,0,5
y2_d071_DYE_YJD,83,19,83,2421301,1,1
y2_d071_DYE_YJD,83,19,83,2421701,10,4
y2_d071_DYE_YJD,83,19,83,2423951,255,16
y2_d071_DYE_YJD,83,19,83,2424601,8,2
y2_d071_DYE_YJD,83,19,83,2425801,8,3
y2_d071_DYE_YJD,83,19,83,2427501,5,2
y2_d071_DYE_YJD,83,19,83,2428501,0,5
y2_d071_DYE_YJD,84,20,84,2471101,1,1
y2_d071_DYE_YJD,84,20,84,2471601,2,2
y2_d071_DYE_YJD,84,20,84,2471601,0,5
y2_d071_DYE_YJD,85,20,85,2507551,1,1
y2_d071_DYE_YJD,85,20,85,2508051,2,2
y2_d071_DYE_YJD,85,20,85,2508051,0,5
y2_d071_DYE_YJD,86,20,86,2525901,1,1
y2_d071_DYE_YJD,86,20,86,2526401,2,2
y2_d071_DYE_YJD,86,20,86,2526401,0,5
y2_d071_DYE_YJD,87,20,87,2542301,1,1
y2_d071_DYE_YJD,87,20,87,2542801,2,2
y2_d071_DYE_YJD,87,20,87,2542801,0,5
y2_d071_DYE_YJD,88,20,88,2560951,1,1
y2_d071_DYE_YJD,88,20,88,2561451,2,2
y2_d071_DYE_YJD,88,20,88,2561451,0,5
y2_d071_DYE_YJD,89,21,89,2595101,1,1
y2_d071_DYE_YJD,89,21,89,2595551,2,2
y2_d071_DYE_YJD,89,21,89,2595551,0,5
y2_d071_DYE_YJD,90,21,90,2612701,1,1
y2_d071_DYE_YJD,90,21,90,2613201,2,2
y2_d071_DYE_YJD,90,21,90,2613201,0,5
y2_d071_DYE_YJD,91,21,91,2633501,1,1
y2_d071_DYE_YJD,91,21,91,2634001,2,2
y2_d071_DYE_YJD,91,21,91,2634001,0,5
y2_d071_DYE_YJD,92,21,92,2660451,1,1
y2_d071_DYE_YJD,92,21,92,2660951,2,2
y2_d071_DYE_YJD,92,21,92,2660951,0,5
y2_d071_DYE_YJD,93,21,93,2681451,1,1
y2_d071_DYE_YJD,93,21,93,2681951,2,2
y2_d071_DYE_YJD,93,21,93,2681951,0,5
y2_d071_DYE_YJD,94,21,94,2701601,1,1
y2_d071_DYE_YJD,94,21,94,2702051,10,4
y2_d071_DYE_YJD,94,21,94,2703951,0,5
y2_d071_DYE_YJD,95,21,95,2729601,1,1
y2_d071_DYE_YJD,95,21,95,2730001,10,4
y2_d071_DYE_YJD,95,21,95,2735401,7,2
y2_d071_DYE_YJD,95,21,95,2736751,7,3
y2_d071_DYE_YJD,95,21,95,2738801,6,2
y2_d071_DYE_YJD,95,21,95,2739251,0,5
y2_d071_DYE_YJD,96,22,96,2773901,1,1
y2_d071_DYE_YJD,96,22,96,2774351,10,4
y2_d071_DYE_YJD,96,22,96,2777751,8,2
y2_d071_DYE_YJD,96,22,96,2778301,0,5
y2_d071_DYE_YJD,97,23,97,2922551,1,1
y2_d071_DYE_YJD,97,23,97,2923051,2,2
y2_d071_DYE_YJD,97,23,97,2923051,0,5
y2_d071_DYE_YJD,98,23,98,2935101,1,1
y2_d071_DYE_YJD,98,23,98,2935501,10,4
y2_d071_DYE_YJD,98,23,98,2940901,255,11
y2_d071_DYE_YJD,98,23,98,2941101,0,5
y2_d071_DYE_YJD,99,24,99,2976501,1,1
y2_d071_DYE_YJD,99,24,99,2976901,10,4
y2_d071_DYE_YJD,99,24,99,2977251,0,5
y2_d071_DYE_YJD,100,24,100,2996901,1,1
y2_d071_DYE_YJD,100,24,100,2997401,2,2
y2_d071_DYE_YJD,100,24,100,2997401,0,5
y2_d071_DYE_YJD,101,24,101,3009951,1,1
y2_d071_DYE_YJD,101,24,101,3010351,10,4
y2_d071_DYE_YJD,101,24,101,3010701,0,5
y2_d071_DYE_YJD,102,24,102,3036701,1,1
y2_d071_DYE_YJD,102,24,102,3037201,2,2
y2_d071_DYE_YJD,102,24,102,3037201,0,5
y2_d071_DYE_YJD,103,24,103,3050551,1,1
y2_d071_DYE_YJD,103,24,103,3051001,2,2
y2_d071_DYE_YJD,103,24,103,3051001,0,5
y2_d071_DYE_YJD,104,24,104,3065301,1,1
y2_d071_DYE_YJD,104,24,104,3065701,10,4
y2_d071_DYE_YJD,104,24,104,3065851,0,5
y2_d071_DYE_YJD,105,24,105,3085901,1,1
y2_d071_DYE_YJD,105,24,105,3086301,10,4
y2_d071_DYE_YJD,105,24,105,3086501,0,5
y2_d071_DYE_YJD,106,24,106,3103001,1,1
y2_d071_DYE_YJD,106,24,106,3103501,2,2
y2_d071_DYE_YJD,106,24,106,3103501,0,5
y2_d071_DYE_YJD,107,24,107,3116901,1,1
y2_d071_DYE_YJD,107,24,107,3117351,10,4
y2_d071_DYE_YJD,107,24,107,3117851,0,5
y2_d071_DYE_YJD,108,24,108,3144101,1,1
y2_d071_DYE_YJD,108,24,108,3144551,2,2
y2_d071_DYE_YJD,108,24,108,3144551,0,5
y2_d071_DYE_YJD,109,25,109,3174751,1,1
y2_d071_DYE_YJD,109,25,109,3175251,2,2
y2_d071_DYE_YJD,109,25,109,3175251,0,5
y2_d071_DYE_YJD,110,25,110,3188251,1,1
y2_d071_DYE_YJD,110,25,110,3188701,2,2
y2_d071_DYE_YJD,110,25,110,3188701,0,5
y2_d071_DYE_YJD,111,25,111,3209601,1,1
y2_d071_DYE_YJD,111,25,111,3210051,2,2
y2_d071_DYE_YJD,111,25,111,3210051,0,5
y2_d071_DYE_YJD,112,25,112,3227451,1,1
y2_d071_DYE_YJD,112,25,112,3227951,2,2
y2_d071_DYE_YJD,112,25,112,3227951,0,5
y2_d071_DYE_YJD,113,25,113,3244701,1,1
y2_d071_DYE_YJD,113,25,113,3245101,10,4
y2_d071_DYE_YJD,113,25,113,3245201,0,5
y2_d071_DYE_YJD,114,25,114,3266951,1,1
y2_d071_DYE_YJD,114,25,114,3267451,2,2
y2_d071_DYE_YJD,114,25,114,3267451,0,5
y2_d071_DYE_YJD,115,25,115,3283601,1,1
y2_d071_DYE_YJD,115,25,115,3284001,10,4
y2_d071_DYE_YJD,115,25,115,3284251,0,5
y2_d071_DYE_YJD,116,25,116,3306101,1,1
y2_d071_DYE_YJD,116,25,116,3306551,2,2
y2_d071_DYE_YJD,116,25,116,3306551,0,5
y2_d071_DYE_YJD,117,26,117,3359351,1,1
y2_d071_DYE_YJD,117,26,117,3359801,2,2
y2_d071_DYE_YJD,117,26,117,3359801,0,5
y2_d071_DYE_YJD,118,26,118,3378801,1,1
y2_d071_DYE_YJD,118,26,118,3379251,10,4
y2_d071_DYE_YJD,118,26,118,3379601,0,5
y2_d071_DYE_YJD,119,26,119,3403201,1,1
y2_d071_DYE_YJD,119,26,119,3403601,10,4
y2_d071_DYE_YJD,119,26,119,3410301,7,2
y2_d071_DYE_YJD,119,26,119,3412401,7,3
y2_d071_DYE_YJD,119,26,119,3414201,6,2
y2_d071_DYE_YJD,119,26,119,3414351,0,5
y2_d071_DYE_YJD,120,27,120,3445351,1,1
y2_d071_DYE_YJD,120,27,120,3445801,2,2
y2_d071_DYE_YJD,120,27,120,3445801,0,5
y2_d071_DYE_YJD,121,27,121,3465351,1,1
y2_d071_DYE_YJD,121,27,121,3465851,2,2
y2_d071_DYE_YJD,121,27,121,3465851,0,5
y2_d071_DYE_YJD,122,27,122,3518501,1,1
y2_d071_DYE_YJD,122,27,122,3518901,10,4
y2_d071_DYE_YJD,122,27,122,3519051,0,5
y2_d071_DYE_YJD,123,27,123,3542501,1,1
y2_d071_DYE_YJD,123,27,123,3542951,2,2
y2_d071_DYE_YJD,123,27,123,3542951,0,5
y2_d071_DYE_YJD,124,27,124,3565451,1,1
y2_d071_DYE_YJD,124,27,124,3565851,10,4
y2_d071_DYE_YJD,124,27,124,3566001,0,5
y2_d071_DYE_YJD,125,27,125,3592801,1,1
y2_d071_DYE_YJD,125,27,125,3593251,2,2
y2_d071_DYE_YJD,125,27,125,3593251,0,5
y2_d071_DYE_YJD,126,27,126,3614901,1,1
y2_d071_DYE_YJD,126,27,126,3615351,2,2
y2_d071_DYE_YJD,126,27,126,3615351,0,5
y2_d071_DYE_YJD,127,28,127,3756351,1,1
y2_d071_DYE_YJD,127,28,127,3756801,10,4
y2_d071_DYE_YJD,127,28,127,3757951,255,16
y2_d071_DYE_YJD,127,28,127,3758451,255,16
y2_d071_DYE_YJD,127,28,127,3758751,255,16
y2_d071_DYE_YJD,127,28,127,3759051,255,16
y2_d071_DYE_YJD,127,28,127,3759301,1,2
y2_d071_DYE_YJD,127,28,127,3760001,1,3
y2_d071_DYE_YJD,127,28,127,3761001,255,16
y2_d071_DYE_YJD,127,28,127,3761101,3,2
y2_d071_DYE_YJD,127,28,127,3761551,0,5
y2_d071_DYE_YJD,128,29,128,3797551,1,1
y2_d071_DYE_YJD,128,29,128,3798001,10,4
y2_d071_DYE_YJD,128,29,128,3800151,255,16
y2_d071_DYE_YJD,128,29,128,3801101,255,16
y2_d071_DYE_YJD,128,29,128,3801601,255,16
y2_d071_DYE_YJD,128,29,128,3801851,6,2
y2_d071_DYE_YJD,128,29,128,3802601,6,3
y2_d071_DYE_YJD,128,29,128,3804101,255,16
y2_d071_DYE_YJD,128,29,128,3804351,5,2
y2_d071_DYE_YJD,128,29,128,3804901,0,5
y2_d071_DYE_YJD,129,30,129,3836251,1,1
y2_d071_DYE_YJD,129,30,129,3836701,2,2
y2_d071_DYE_YJD,129,30,129,3836701,0,5
y2_d071_DYE_YJD,130,30,130,3851201,1,1
y2_d071_DYE_YJD,130,30,130,3851701,2,2
y2_d071_DYE_YJD,130,30,130,3851701,0,5
y2_d071_DYE_YJD,131,30,131,3869851,1,1
y2_d071_DYE_YJD,131,30,131,3870251,10,4
y2_d071_DYE_YJD,131,30,131,3875851,5,2
y2_d071_DYE_YJD,131,30,131,3876501,0,5
y2_d071_DYE_YJD,132,31,132,3908751,1,1
y2_d071_DYE_YJD,132,31,132,3909201,10,4
y2_d071_DYE_YJD,132,31,132,3909301,255,16
y2_d071_DYE_YJD,132,31,132,3910101,255,16
y2_d071_DYE_YJD,132,31,132,3910751,5,2
y2_d071_DYE_YJD,132,31,132,3911401,5,3
y2_d071_DYE_YJD,132,31,132,3912201,4,2
y2_d071_DYE_YJD,132,31,132,3913751,0,5
y2_d071_DYE_YJD,133,32,133,3952451,1,1
y2_d071_DYE_YJD,133,32,133,3952901,2,2
y2_d071_DYE_YJD,133,32,133,3952901,0,5
y2_d071_DYE_YJD,134,32,134,3969801,1,1
y2_d071_DYE_YJD,134,32,134,3970301,2,2
y2_d071_DYE_YJD,134,32,134,3970301,0,5
y2_d071_DYE_YJD,135,32,135,3986901,1,6
y2_d071_DYE_YJD,135,32,135,3987501,3,2
y2_d071_DYE_YJD,135,32,135,3987651,0,5
y2_d071_DYE_YJD,136,32,136,4006151,1,1
y2_d071_DYE_YJD,136,32,136,4006651,2,2
y2_d071_DYE_YJD,136,32,136,4006651,0,5
y2_d071_DYE_YJD,137,32,137,4027251,1,1
y2_d071_DYE_YJD,137,32,137,4027701,2,2
y2_d071_DYE_YJD,137,32,137,4027701,0,5
y2_d071_DYE_YJD,138,32,138,4053151,1,1
y2_d071_DYE_YJD,138,32,138,4053601,10,4
y2_d071_DYE_YJD,138,32,138,4053951,0,5
y2_d071_DYE_YJD,139,32,139,4078651,1,1
y2_d071_DYE_YJD,139,32,139,4079151,2,2
y2_d071_DYE_YJD,139,32,139,4079151,0,5
y2_d071_DYE_YJD,140,33,140,4114001,1,1
y2_d071_DYE_YJD,140,33,140,4114451,2,2
y2_d071_DYE_YJD,140,33,140,4114451,0,5
y2_d071_DYE_YJD,141,33,141,4132051,1,1
y2_d071_DYE_YJD,141,33,141,4132551,2,2
y2_d071_DYE_YJD,141,33,141,4132551,0,5
y2_d071_DYE_YJD,142,33,142,4152151,1,1
y2_d071_DYE_YJD,142,33,142,4152601,10,4
y2_d071_DYE_YJD,142,33,142,4152851,0,5
y2_d071_DYE_YJD,143,33,143,4179901,1,1
y2_d071_DYE_YJD,143,33,143,4180401,2,2
y2_d071_DYE_YJD,143,33,143,4180401,0,5
y2_d071_DYE_YJD,144,33,144,4206101,1,1
y2_d071_DYE_YJD,144,33,144,4206501,10,4
y2_d071_DYE_YJD,144,33,144,4206801,0,5
y2_d071_DYE_YJD,145,33,145,4231951,1,1
y2_d071_DYE_YJD,145,33,145,4232451,10,4
y2_d071_DYE_YJD,145,33,145,4233301,0,5
y2_d071_DYE_YJD,146,33,146,4262651,1,1
y2_d071_DYE_YJD,146,33,146,4263051,10,4
y2_d071_DYE_YJD,146,33,146,4263651,0,5
y2_d071_DYE_YJD,147,33,147,4331301,1,1
y2_d071_DYE_YJD,147,33,147,4331801,2,2
y2_d071_DYE_YJD,147,33,147,4331801,0,5
y2_d071_DYE_YJD,148,33,148,4359001,1,1
y2_d071_DYE_YJD,148,33,148,4359401,10,4
y2_d071_DYE_YJD,148,33,148,4364451,8,2
y2_d071_DYE_YJD,148,33,148,4365351,0,5
y2_d071_DYE_YJD,149,34,149,4547901,1,1
y2_d071_DYE_YJD,149,34,149,4548351,2,2
y2_d071_DYE_YJD,149,34,149,4548351,0,5
y2_d071_DYE_YJD,150,34,150,4563201,1,1
y2_d071_DYE_YJD,150,34,150,4563601,10,4
y2_d071_DYE_YJD,150,34,150,4564351,255,16
y2_d071_DYE_YJD,150,34,150,4564851,6,2
y2_d071_DYE_YJD,150,34,150,4566651,6,3
y2_d071_DYE_YJD,150,34,150,4567801,3,2
y2_d071_DYE_YJD,150,34,150,4568051,0,5
y2_d071_DYE_YJD,151,35,151,4600951,1,1
y2_d071_DYE_YJD,151,35,151,4601401,2,2
y2_d071_DYE_YJD,151,35,151,4601401,0,5
y2_d071_DYE_YJD,152,35,152,4617901,1,1
y2_d071_DYE_YJD,152,35,152,4618401,2,2
y2_d071_DYE_YJD,152,35,152,4618401,0,5
y2_d071_DYE_YJD,153,35,153,4636951,1,1
y2_d071_DYE_YJD,153,35,153,4637351,10,4
y2_d071_DYE_YJD,153,35,153,4643351,9,2
y2_d071_DYE_YJD,153,35,153,4644101,0,5
y2_d071_DYE_YJD,154,36,154,4677151,1,1
y2_d071_DYE_YJD,154,36,154,4677601,2,2
y2_d071_DYE_YJD,154,36,154,4677701,0,5
y2_d071_DYE_YJD,155,36,155,4691951,1,1
y2_d071_DYE_YJD,155,36,155,4692401,2,2
y2_d071_DYE_YJD,155,36,155,4692401,0,5
y2_d071_DYE_YJD,156,36,156,4712351,1,1
y2_d071_DYE_YJD,156,36,156,4712851,2,2
y2_d071_DYE_YJD,156,36,156,4712851,0,5
y2_d071_DYE_YJD,157,36,157,4730251,1,1
y2_d071_DYE_YJD,157,36,157,4730751,2,2
y2_d071_DYE_YJD,157,36,157,4730751,0,5
y2_d071_DYE_YJD,158,36,158,4747851,1,1
y2_d071_DYE_YJD,158,36,158,4748301,2,2
y2_d071_DYE_YJD,158,36,158,4748301,0,5
y2_d071_DYE_YJD,159,37,159,4896051,1,1
y2_d071_DYE_YJD,159,37,159,4896551,2,2
y2_d071_DYE_YJD,159,37,159,4896551,0,5
y2_d071_DYE_YJD,160,37,160,4908301,1,1
y2_d071_DYE_YJD,160,37,160,4908751,2,2
y2_d071_DYE_YJD,160,37,160,4908751,0,5
y2_d071_DYE_YJD,161,37,161,4922151,1,1
y2_d071_DYE_YJD,161,37,161,4922701,2,2
y2_d071_DYE_YJD,161,37,161,4922701,0,5
y2_d071_DYE_YJD,162,37,162,4939001,1,1
y2_d071_DYE_YJD,162,37,162,4939551,2,2
y2_d071_DYE_YJD,162,37,162,4939551,0,5
y2_d071_DYE_YJD,163,38,163,4965751,1,1
y2_d071_DYE_YJD,163,38,163,4966301,2,2
y2_d071_DYE_YJD,163,38,163,4966301,0,5
y2_d071_DYE_YJD,164,38,164,4977801,1,1
y2_d071_DYE_YJD,164,38,164,4978351,2,2
y2_d071_DYE_YJD,164,38,164,4978351,0,5
y2_d071_DYE_YJD,165,38,165,4990651,1,1
y2_d071_DYE_YJD,165,38,165,4991101,10,4
y2_d071_DYE_YJD,165,38,165,4997301,8,2
y2_d071_DYE_YJD,165,38,165,4997751,0,5
y2_d071_DYE_YJD,166,39,166,5025251,1,1
y2_d071_DYE_YJD,166,39,166,5025701,2,2
y2_d071_DYE_YJD,166,39,166,5025701,0,5
y2_d071_DYE_YJD,167,39,167,5037051,1,1
y2_d071_DYE_YJD,167,39,167,5037551,2,2
y2_d071_DYE_YJD,167,39,167,5037551,0,5
y2_d071_DYE_YJD,168,39,168,5050601,1,1
y2_d071_DYE_YJD,168,39,168,5051101,2,2
y2_d071_DYE_YJD,168,39,168,5051101,0,5
y2_d071_DYE_YJD,169,39,169,5067551,1,1
y2_d071_DYE_YJD,169,39,169,5067951,10,4
y2_d071_DYE_YJD,169,39,169,5068151,0,5
y2_d071_DYE_YJD,170,39,170,5091301,1,1
y2_d071_DYE_YJD,170,39,170,5091701,10,4
y2_d071_DYE_YJD,170,39,170,5091951,0,5
y2_d071_DYE_YJD,171,39,171,5110851,1,1
y2_d071_DYE_YJD,171,39,171,5111401,2,2
y2_d071_DYE_YJD,171,39,171,5111551,0,5
y2_d071_DYE_YJD,172,39,172,5128951,1,1
y2_d071_DYE_YJD,172,39,172,5129451,2,2
y2_d071_DYE_YJD,172,39,172,5129451,0,5
y2_d071_DYE_YJD,173,39,173,5147401,1,1
y2_d071_DYE_YJD,173,39,173,5147801,10,4
y2_d071_DYE_YJD,173,39,173,5147951,255,16
y2_d071_DYE_YJD,173,39,173,5148601,255,16
y2_d071_DYE_YJD,173,39,173,5149351,255,16
y2_d071_DYE_YJD,173,39,173,5149801,255,16
y2_d071_DYE_YJD,173,39,173,5150201,255,16
y2_d071_DYE_YJD,173,39,173,5150501,255,16
y2_d071_DYE_YJD,173,39,173,5151651,7,2
y2_d071_DYE_YJD,173,39,173,5153801,7,3
y2_d071_DYE_YJD,173,39,173,5155251,255,16
y2_d071_DYE_YJD,173,39,173,5155751,4,2
y2_d071_DYE_YJD,173,39,173,5155951,0,5
y2_d071_DYE_YJD,174,40,174,5191951,1,1
y2_d071_DYE_YJD,174,40,174,5192351,10,4
y2_d071_DYE_YJD,174,40,174,5196051,255,16
y2_d071_DYE_YJD,174,40,174,5197901,255,10
y2_d071_DYE_YJD,174,40,174,5198951,7,2
y2_d071_DYE_YJD,174,40,174,5199951,7,3
y2_d071_DYE_YJD,174,40,174,5202001,6,2
y2_d071_DYE_YJD,174,40,174,5204401,0,5
y2_d071_DYE_YJD,175,41,175,5241501,1,1
y2_d071_DYE_YJD,175,41,175,5242051,2,2
y2_d071_DYE_YJD,175,41,175,5242051,0,5
y2_d071_DYE_YJD,176,41,176,5257601,1,1
y2_d071_DYE_YJD,176,41,176,5258051,10,4
y2_d071_DYE_YJD,176,41,176,5261351,255,16
y2_d071_DYE_YJD,176,41,176,5262251,255,16
y2_d071_DYE_YJD,176,41,176,5262751,9,2
y2_d071_DYE_YJD,176,41,176,5265551,9,3
y2_d071_DYE_YJD,176,41,176,5266351,4,2
y2_d071_DYE_YJD,176,41,176,5266851,0,5
y2_d071_DYE_YJD,177,42,177,5301051,1,1
y2_d071_DYE_YJD,177,42,177,5301551,2,2
y2_d071_DYE_YJD,177,42,177,5301551,0,5
y2_d071_DYE_YJD,178,42,178,5316801,1,1
y2_d071_DYE_YJD,178,42,178,5317251,10,4
y2_d071_DYE_YJD,178,42,178,5321801,5,2
y2_d071_DYE_YJD,178,42,178,5322451,0,5
y2_d071_DYE_YJD,179,43,179,5454851,1,1
y2_d071_DYE_YJD,179,43,179,5455301,2,2
y2_d071_DYE_YJD,179,43,179,5455301,0,5
y2_d071_DYE_YJD,180,43,180,5469451,1,1
y2_d071_DYE_YJD,180,43,180,5469901,10,4
y2_d071_DYE_YJD,180,43,180,5470001,255,16
y2_d071_DYE_YJD,180,43,180,5470501,255,16
y2_d071_DYE_YJD,180,43,180,5474951,7,2
y2_d071_DYE_YJD,180,43,180,5476151,7,3
y2_d071_DYE_YJD,180,43,180,5477951,4,2
y2_d071_DYE_YJD,180,43,180,5478501,0,5
y2_d071_DYE_YJD,181,44,181,5517301,1,1
y2_d071_DYE_YJD,181,44,181,5517751,2,9
y2_d071_DYE_YJD,181,44,181,5522751,2,7
y2_d071_DYE_YJD,181,44,181,5522951,0,5
y2_d071_DYE_YJD,182,44,182,5551751,1,1
y2_d071_DYE_YJD,182,44,182,5552151,10,4
y2_d071_DYE_YJD,182,44,182,5552201,0,5
y2_d071_DYE_YJD,183,44,183,5572801,1,1
y2_d071_DYE_YJD,183,44,183,5573301,10,4
y2_d071_DYE_YJD,183,44,183,5575101,0,5
y2_d071_DYE_YJD,184,44,184,5597251,1,1
y2_d071_DYE_YJD,184,44,184,5597751,2,2
y2_d071_DYE_YJD,184,44,184,5597751,0,5
y2_d071_DYE_YJD,185,45,185,5634851,1,1
y2_d071_DYE_YJD,185,45,185,5635351,2,2
y2_d071_DYE_YJD,185,45,185,5635351,0,5
y2_d071_DYE_YJD,186,45,186,5657251,1,1
y2_d071_DYE_YJD,186,45,186,5657701,2,2
y2_d071_DYE_YJD,186,45,186,5657701,0,5
y2_d071_DYE_YJD,187,45,187,5676451,1,1
y2_d071_DYE_YJD,187,45,187,5676951,2,2
y2_d071_DYE_YJD,187,45,187,5676951,0,5
y2_d071_DYE_YJD,188,45,188,5703401,1,1
y2_d071_DYE_YJD,188,45,188,5703851,10,4
y2_d071_DYE_YJD,188,45,188,5708851,8,2
y2_d071_DYE_YJD,188,45,188,5709901,8,3
y2_d071_DYE_YJD,188,45,188,5711751,255,16
y2_d071_DYE_YJD,188,45,188,5712501,2,2
y2_d071_DYE_YJD,188,45,188,5713201,0,5
y2_d071_DYE_YJD,189,46,189,5752601,1,1
y2_d071_DYE_YJD,189,46,189,5753051,2,2
y2_d071_DYE_YJD,189,46,189,5753051,0,5
y2_d071_DYE_YJD,190,46,190,5774851,1,1
y2_d071_DYE_YJD,190,46,190,5775351,2,2
y2_d071_DYE_YJD,190,46,190,5775351,0,5
y2_d071_DYE_YJD,191,46,191,5792351,1,1
y2_d071_DYE_YJD,191,46,191,5792801,2,2
y2_d071_DYE_YJD,191,46,191,5792801,0,5
y2_d071_DYE_YJD,192,46,192,5811501,1,1
y2_d071_DYE_YJD,192,46,192,5811951,2,2
y2_d071_DYE_YJD,192,46,192,5811951,0,5
y2_d071_DYE_YJD,193,46,193,5828951,1,1
y2_d071_DYE_YJD,193,46,193,5829401,2,2
y2_d071_DYE_YJD,193,46,193,5829401,0,5
y2_d071_DYE_YJD,194,47,194,5864351,1,1
y2_d071_DYE_YJD,194,47,194,5864801,2,2
y2_d071_DYE_YJD,194,47,194,5864801,0,5
y2_d071_DYE_YJD,195,47,195,5885251,1,1
y2_d071_DYE_YJD,195,47,195,5885701,2,2
y2_d071_DYE_YJD,195,47,195,5885701,0,5
y2_d071_DYE_YJD,196,47,196,5904851,1,1
y2_d071_DYE_YJD,196,47,196,5905301,10,4
y2_d071_DYE_YJD,196,47,196,5906051,0,5
y2_d071_DYE_YJD,197,47,197,5930701,1,1
y2_d071_DYE_YJD,197,47,197,5931151,2,2
y2_d071_DYE_YJD,197,47,197,5931151,0,5
y2_d071_DYE_YJD,198,47,198,5953701,1,1
y2_d071_DYE_YJD,198,47,198,5954151,10,4
y2_d071_DYE_YJD,198,47,198,5954651,0,5
y2_d071_DYE_YJD,199,47,199,5988551,1,1
y2_d071_DYE_YJD,199,47,199,5989051,2,2
y2_d071_DYE_YJD,199,47,199,5989051,0,5
y2_d071_DYE_YJD,200,48,200,6134601,1,1
y2_d071_DYE_YJD,200,48,200,6135051,10,4
y2_d071_DYE_YJD,200,48,200,6137951,255,16
y2_d071_DYE_YJD,200,48,200,6139051,255,16
y2_d071_DYE_YJD,200,48,200,6139551,7,2
y2_d071_DYE_YJD,200,48,200,6141251,7,3
y2_d071_DYE_YJD,200,48,200,6142951,255,16
y2_d071_DYE_YJD,200,48,200,6143401,4,2
y2_d071_DYE_YJD,200,48,200,6143751,0,5
y2_d071_DYE_YJD,201,49,201,6169651,1,1
y2_d071_DYE_YJD,201,49,201,6170151,2,2
y2_d071_DYE_YJD,201,49,201,6170151,0,5
y2_d071_DYE_YJD,202,49,202,6186351,1,6
y2_d071_DYE_YJD,202,49,202,6186951,3,2
y2_d071_DYE_YJD,202,49,202,6187151,0,5
y2_d071_DYE_YJD,203,49,203,6203201,1,1
y2_d071_DYE_YJD,203,49,203,6203651,10,4
y2_d071_DYE_YJD,203,49,203,6204051,0,5
y2_d071_DYE_YJD,204,49,204,6242201,1,1
y2_d071_DYE_YJD,204,49,204,6242701,2,2
y2_d071_DYE_YJD,204,49,204,6242701,0,5
y2_d071_DYE_YJD,205,49,205,6260151,1,1
y2_d071_DYE_YJD,205,49,205,6260651,10,4
y2_d071_DYE_YJD,205,49,205,6260801,0,5
y2_d071_DYE_YJD,206,49,206,6284951,1,1
y2_d071_DYE_YJD,206,49,206,6285351,10,4
y2_d071_DYE_YJD,206,49,206,6285451,255,16
y2_d071_DYE_YJD,206,49,206,6286251,255,16
y2_d071_DYE_YJD,206,49,206,6286801,255,16
y2_d071_DYE_YJD,206,49,206,6287101,5,2
y2_d071_DYE_YJD,206,49,206,6287601,5,3
y2_d071_DYE_YJD,206,49,206,6288751,4,2
y2_d071_DYE_YJD,206,49,206,6289951,0,5
y2_d071_DYE_YJD,207,50,207,6334951,1,1
y2_d071_DYE_YJD,207,50,207,6335401,10,4
y2_d071_DYE_YJD,207,50,207,6335551,0,5
y2_d071_DYE_YJD,208,50,208,6426701,1,1
y2_d071_DYE_YJD,208,50,208,6427251,2,2
y2_d071_DYE_YJD,208,50,208,6427251,0,5
y2_d071_DYE_YJD,209,50,209,6454651,1,1
y2_d071_DYE_YJD,209,50,209,6455051,10,4
y2_d071_DYE_YJD,209,50,209,6455101,255,16
y2_d071_DYE_YJD,209,50,209,6456501,255,16
y2_d071_DYE_YJD,209,50,209,6456951,255,16
y2_d071_DYE_YJD,209,50,209,6457051,1,2
y2_d071_DYE_YJD,209,50,209,6458001,1,3
y2_d071_DYE_YJD,209,50,209,6458751,4,2
y2_d071_DYE_YJD,209,50,209,6459051,0,5
y2_d071_DYE_YJD,210,51,210,6496201,1,1
y2_d071_DYE_YJD,210,51,210,6496701,10,4
y2_d071_DYE_YJD,210,51,210,6501101,8,2
y2_d071_DYE_YJD,210,51,210,6503201,8,3
y2_d071_DYE_YJD,210,51,210,6505651,255,16
y2_d071_DYE_YJD,210,51,210,6506601,255,16
y2_d071_DYE_YJD,210,51,210,6507001,5,2
y2_d071_DYE_YJD,210,51,210,6507451,0,5
y2_d071_DYE_YJD,211,52,211,6544451,1,1
y2_d071_DYE_YJD,211,52,211,6544951,2,2
y2_d071_DYE_YJD,211,52,211,6544951,0,5
y2_d071_DYE_YJD,212,52,212,6559101,1,1
y2_d071_DYE_YJD,212,52,212,6559551,2,2
y2_d071_DYE_YJD,212,52,212,6559551,0,5
y2_d071_DYE_YJD,213,52,213,6574301,1,1
y2_d071_DYE_YJD,213,52,213,6574801,2,2
y2_d071_DYE_YJD,213,52,213,6574801,0,5
y2_d071_DYE_YJD,214,52,214,6592501,1,1
y2_d071_DYE_YJD,214,52,214,6592951,10,4
y2_d071_DYE_YJD,214,52,214,6593801,0,5
y2_d071_DYE_YJD,215,52,215,6618151,1,1
y2_d071_DYE_YJD,215,52,215,6618551,10,4
y2_d071_DYE_YJD,215,52,215,6618601,0,5
y2_d071_DYE_YJD,216,52,216,6649851,1,1
y2_d071_DYE_YJD,216,52,216,6650301,10,4
y2_d071_DYE_YJD,216,52,216,6650701,0,5
y2_d071_DYE_YJD,217,52,217,6671651,1,1
y2_d071_DYE_YJD,217,52,217,6672151,2,2
y2_d071_DYE_YJD,217,52,217,6672701,0,5
y2_d071_DYE_YJD,218,52,218,6695251,1,1
y2_d071_DYE_YJD,218,52,218,6695701,10,4
y2_d071_DYE_YJD,218,52,218,6697451,255,16
y2_d071_DYE_YJD,218,52,218,6697801,6,2
y2_d071_DYE_YJD,218,52,218,6698401,6,3
y2_d071_DYE_YJD,218,52,218,6699601,3,2
y2_d071_DYE_YJD,218,52,218,6700101,0,5
y2_d071_DYE_YJD,219,53,219,6838851,1,1
y2_d071_DYE_YJD,219,53,219,6839301,2,2
y2_d071_DYE_YJD,219,53,219,6839301,0,5
y2_d071_DYE_YJD,220,53,220,6854701,1,1
y2_d071_DYE_YJD,220,53,220,6855151,2,2
y2_d071_DYE_YJD,220,53,220,6855151,0,5
y2_d071_DYE_YJD,221,53,221,6872501,1,1
y2_d071_DYE_YJD,221,53,221,6872951,2,2
y2_d071_DYE_YJD,221,53,221,6872951,0,5
y2_d071_DYE_YJD,222,53,222,6889351,1,1
y2_d071_DYE_YJD,222,53,222,6889801,2,2
y2_d071_DYE_YJD,222,53,222,6890001,0,5
y2_d071_DYE_YJD,223,53,223,6907051,1,1
y2_d071_DYE_YJD,223,53,223,6907501,2,2
y2_d071_DYE_YJD,223,53,223,6907501,0,5
y2_d071_DYE_YJD,224,54,224,6979701,1,6
y2_d071_DYE_YJD,224,54,224,6980251,3,2
y2_d071_DYE_YJD,224,54,224,6980651,0,5
y2_d071_DYE_YJD,225,54,225,6997351,1,1
y2_d071_DYE_YJD,225,54,225,6997801,2,2
y2_d071_DYE_YJD,225,54,225,6997801,0,5
y2_d071_DYE_YJD,226,54,226,7023451,1,1
y2_d071_DYE_YJD,226,54,226,7023851,10,4
y2_d071_DYE_YJD,226,54,226,7026601,255,16
y2_d071_DYE_YJD,226,54,226,7027051,8,2
y2_d071_DYE_YJD,226,54,226,7028451,8,3
y2_d071_DYE_YJD,226,54,226,7030551,6,2
y2_d071_DYE_YJD,226,54,226,7030901,0,5
y2_d071_DYE_YJD,227,55,227,7095851,1,1
y2_d071_DYE_YJD,227,55,227,7096351,2,2
y2_d071_DYE_YJD,227,55,227,7096351,0,5
y2_d071_DYE_YJD,228,55,228,7142051,1,1
y2_d071_DYE_YJD,228,55,228,7142551,2,2
y2_d071_DYE_YJD,228,55,228,7142551,0,5
y2_d071_DYE_YJD,229,55,229,7172101,1,1
y2_d071_DYE_YJD,229,55,229,7172601,2,2
y2_d071_DYE_YJD,229,55,229,7172601,0,5
y2_d071_DYE_YJD,230,55,230,7196051,1,1
y2_d071_DYE_YJD,230,55,230,7196501,10,4
y2_d071_DYE_YJD,230,55,230,7196851,0,5
y2_d071_DYE_YJD,231,55,231,7225351,1,1
y2_d071_DYE_YJD,231,55,231,7225751,10,4
y2_d071_DYE_YJD,231,55,231,7226001,0,5
y2_d071_DYE_YJD,232,55,232,7254701,1,1
y2_d071_DYE_YJD,232,55,232,7255101,10,4
y2_d071_DYE_YJD,232,55,232,7258251,9,2
y2_d071_DYE_YJD,232,55,232,7259451,0,5
y2_d071_DYE_YJD,233,56,233,7466601,1,1
y2_d071_DYE_YJD,233,56,233,7467101,2,2
y2_d071_DYE_YJD,233,56,233,7467201,0,5
y2_d071_DYE_YJD,234,56,234,7490801,1,1
y2_d071_DYE_YJD,234,56,234,7491201,10,4
y2_d071_DYE_YJD,234,56,234,7496251,8,2
y2_d071_DYE_YJD,234,56,234,7497351,8,3
y2_d071_DYE_YJD,234,56,234,7499351,3,2
y2_d071_DYE_YJD,234,56,234,7500551,0,5
y2_d071_DYE_YJD,235,57,235,7540101,1,1
y2_d071_DYE_YJD,235,57,235,7540551,2,2
y2_d071_DYE_YJD,235,57,235,7540551,0,5
y2_d071_DYE_YJD,236,57,236,7561401,1,6
y2_d071_DYE_YJD,236,57,236,7561951,3,2
y2_d071_DYE_YJD,236,57,236,7562251,0,5
y2_d071_DYE_YJD,237,57,237,7581101,1,1
y2_d071_DYE_YJD,237,57,237,7581501,10,4
y2_d071_DYE_YJD,237,57,237,7581801,0,5
y2_d071_DYE_YJD,238,57,238,7608601,1,1
y2_d071_DYE_YJD,238,57,238,7609001,10,4
y2_d071_DYE_YJD,238,57,238,7609401,0,5
y2_d071_DYE_YJD,239,57,239,7641051,1,6
y2_d071_DYE_YJD,239,57,239,7641601,3,2
y2_d071_DYE_YJD,239,57,239,7642101,0,5
y2_d071_DYE_YJD,240,57,240,7672651,1,1
y2_d071_DYE_YJD,240,57,240,7673201,2,2
y2_d071_DYE_YJD,240,57,240,7673201,0,5
y2_d071_DYE_YJD,241,57,241,7692801,1,1
y2_d071_DYE_YJD,241,57,241,7693251,10,4
y2_d071_DYE_YJD,241,57,241,7693651,0,5
y2_d071_DYE_YJD,242,57,242,7718251,1,6
y2_d071_DYE_YJD,242,57,242,7718801,3,2
y2_d071_DYE_YJD,242,57,242,7719351,0,5
y2_d071_DYE_YJD,243,57,243,7736601,1,1
y2_d071_DYE_YJD,243,57,243,7737001,10,4
y2_d071_DYE_YJD,243,57,243,7737551,0,5
y2_d071_DYE_YJD,244,57,244,7779251,1,1
y2_d071_DYE_YJD,244,57,244,7779701,2,2
y2_d071_DYE_YJD,244,57,244,7779851,0,5
y2_d071_DYE_YJD,245,58,245,8034251,1,1
y2_d071_DYE_YJD,245,58,245,8034701,2,2
y2_d071_DYE_YJD,245,58,245,8034701,0,5
y2_d071_DYE_YJD,246,58,246,8051951,1,1
y2_d071_DYE_YJD,246,58,246,8052451,2,2
y2_d071_DYE_YJD,246,58,246,8052451,0,5
y2_d071_DYE_YJD,247,58,247,8072201,1,1
y2_d071_DYE_YJD,247,58,247,8072651,10,4
y2_d071_DYE_YJD,247,58,247,8077651,255,11
y2_d071_DYE_YJD,247,58,247,8078001,0,5
y2_d071_DYE_YJD,248,59,248,8127751,1,1
y2_d071_DYE_YJD,248,59,248,8128301,2,2
y2_d071_DYE_YJD,248,59,248,8128301,0,5
y2_d071_DYE_YJD,249,59,249,8142701,1,1
y2_d071_DYE_YJD,249,59,249,8143151,10,4
y2_d071_DYE_YJD,249,59,249,8144351,255,16
y2_d071_DYE_YJD,249,59,249,8145301,255,16
y2_d071_DYE_YJD,249,59,249,8145801,255,16
y2_d071_DYE_YJD,249,59,249,8146201,255,16
y2_d071_DYE_YJD,249,59,249,8146551,255,16
y2_d071_DYE_YJD,249,59,249,8147951,8,2
y2_d071_DYE_YJD,249,59,249,8149201,0,5
y2_d071_DYE_YJD,250,60,250,8179701,1,1
y2_d071_DYE_YJD,250,60,250,8180151,10,4
y2_d071_DYE_YJD,250,60,250,8180501,0,5
y2_d071_DYE_YJD,251,60,251,8210351,1,1
y2_d071_DYE_YJD,251,60,251,8210901,2,2
y2_d071_DYE_YJD,251,60,251,8210901,0,5
y2_d071_DYE_YJD,252,60,252,8229551,1,1
y2_d071_DYE_YJD,252,60,252,8230101,2,2
y2_d071_DYE_YJD,252,60,252,8230101,0,5
y2_d071_DYE_YJD,253,60,253,8287601,1,6
y2_d071_DYE_YJD,253,60,253,8288201,3,2
y2_d071_DYE_YJD,253,60,253,8288551,0,5
y2_d071_DYE_YJD,254,60,254,8307701,1,1
y2_d071_DYE_YJD,254,60,254,8308151,10,4
y2_d071_DYE_YJD,254,60,254,8308701,0,5
y2_d071_DYE_YJD,255,60,255,8336951,1,1
y2_d071_DYE_YJD,255,60,255,8337451,2,2
y2_d071_DYE_YJD,255,60,255,8337451,0,5
y2_d071_DYE_YJD,256,60,256,8355851,1,1
y2_d071_DYE_YJD,256,60,256,8356301,10,4
y2_d071_DYE_YJD,256,60,256,8360151,9,2
y2_d071_DYE_YJD,256,60,256,8362051,9,3
y2_d071_DYE_YJD,256,60,256,8363901,4,2
y2_d071_DYE_YJD,256,60,256,8364351,0,5
y2_d071_DYE_YJD,257,61,257,8393701,1,1
y2_d071_DYE_YJD,257,61,257,8394151,10,4
y2_d071_DYE_YJD,257,61,257,8394351,0,5
y2_d071_DYE_YJD,258,61,258,8418201,1,1
y2_d071_DYE_YJD,258,61,258,8418701,10,4
y2_d071_DYE_YJD,258,61,258,8418901,0,5
y2_d071_DYE_YJD,259,61,259,8441501,1,1
y2_d071_DYE_YJD,259,61,259,8441951,10,4
y2_d071_DYE_YJD,259,61,259,8442151,0,5
y2_d071_DYE_YJD,260,61,260,8461251,1,1
y2_d071_DYE_YJD,260,61,260,8461751,2,2
y2_d071_DYE_YJD,260,61,260,8461751,0,5
y2_d071_DYE_YJD,261,61,261,8483751,1,1
y2_d071_DYE_YJD,261,61,261,8484201,10,4
y2_d071_DYE_YJD,261,61,261,8487951,9,2
y2_d071_DYE_YJD,261,61,261,8489301,9,3
y2_d071_DYE_YJD,261,61,261,8490551,4,2
y2_d071_DYE_YJD,261,61,261,8490751,0,5
y2_d071_DYE_YJD,262,62,262,8519801,1,1
y2_d071_DYE_YJD,262,62,262,8520351,2,2
y2_d071_DYE_YJD,262,62,262,8520351,0,5
y2_d071_DYE_YJD,263,62,263,8538001,1,1
y2_d071_DYE_YJD,263,62,263,8538501,2,2
y2_d071_DYE_YJD,263,62,263,8538501,0,5
y2_d071_DYE_YJD,264,62,264,8562801,1,1
y2_d071_DYE_YJD,264,62,264,8563251,10,4
y2_d071_DYE_YJD,264,62,264,8569051,4,2
y2_d071_DYE_YJD,264,62,264,8569601,0,5
y2_d071_DYE_YJD,265,63,265,8711151,1,1
y2_d071_DYE_YJD,265,63,265,8711601,2,2
y2_d071_DYE_YJD,265,63,265,8711601,0,5
y2_d071_DYE_YJD,266,63,266,8729001,1,1
y2_d071_DYE_YJD,266,63,266,8729451,2,2
y2_d071_DYE_YJD,266,63,266,8729451,0,5
y2_d071_DYE_YJD,267,63,267,8749701,1,1
y2_d071_DYE_YJD,267,63,267,8750101,10,4
y2_d071_DYE_YJD,267,63,267,8750251,0,5
y2_d071_DYE_YJD,268,63,268,8774551,1,1
y2_d071_DYE_YJD,268,63,268,8775001,10,4
y2_d071_DYE_YJD,268,63,268,8776851,255,16
y2_d071_DYE_YJD,268,63,268,8777301,1,2
y2_d071_DYE_YJD,268,63,268,8779051,0,5
y2_d071_DYE_YJD,269,64,269,8819751,1,1
y2_d071_DYE_YJD,269,64,269,8820201,2,2
y2_d071_DYE_YJD,269,64,269,8820201,0,5
y2_d071_DYE_YJD,270,64,270,8835401,1,1
y2_d071_DYE_YJD,270,64,270,8835851,10,4
y2_d071_DYE_YJD,270,64,270,8842601,6,2
y2_d071_DYE_YJD,270,64,270,8843401,0,5
y2_d071_DYE_YJD,271,65,271,8882601,1,1
y2_d071_DYE_YJD,271,65,271,8883051,2,2
y2_d071_DYE_YJD,271,65,271,8883051,0,5
y2_d071_DYE_YJD,272,65,272,8900651,1,1
y2_d071_DYE_YJD,272,65,272,8901101,2,2
y2_d071_DYE_YJD,272,65,272,8901101,0,5
y2_d071_DYE_YJD,273,65,273,8918651,1,1
y2_d071_DYE_YJD,273,65,273,8919101,2,2
y2_d071_DYE_YJD,273,65,273,8919101,0,5
y2_d071_DYE_YJD,274,65,274,8942851,1,1
y2_d071_DYE_YJD,274,65,274,8943351,2,2
y2_d071_DYE_YJD,274,65,274,8943351,0,5
y2_d071_DYE_YJD,275,65,275,8963951,1,1
y2_d071_DYE_YJD,275,65,275,8964401,2,2
y2_d071_DYE_YJD,275,65,275,8964401,0,5
y2_d071_DYE_YJD,276,66,276,9111551,1,1
y2_d071_DYE_YJD,276,66,276,9112101,2,2
y2_d071_DYE_YJD,276,66,276,9112101,0,5
y2_d071_DYE_YJD,277,66,277,9129301,1,1
y2_d071_DYE_YJD,277,66,277,9129801,2,2
y2_d071_DYE_YJD,277,66,277,9129801,0,5
y2_d071_DYE_YJD,278,66,278,9145351,1,1
y2_d071_DYE_YJD,278,66,278,9145851,2,2
y2_d071_DYE_YJD,278,66,278,9145851,0,5
y2_d071_DYE_YJD,279,66,279,9163051,1,1
y2_d071_DYE_YJD,279,66,279,9163501,10,4
y2_d071_DYE_YJD,279,66,279,9163601,0,5
y2_d071_DYE_YJD,280,66,280,9186401,1,1
y2_d071_DYE_YJD,280,66,280,9186851,10,4
y2_d071_DYE_YJD,280,66,280,9187551,0,5
y2_d071_DYE_YJD,281,66,281,9209651,1,1
y2_d071_DYE_YJD,281,66,281,9210101,10,4
y2_d071_DYE_YJD,281,66,281,9210251,0,5
y2_d071_DYE_YJD,282,66,282,9233001,1,1
y2_d071_DYE_YJD,282,66,282,9233401,10,4
y2_d071_DYE_YJD,282,66,282,9237751,7,2
y2_d071_DYE_YJD,282,66,282,9238051,0,5
y2_d071_DYE_YJD,283,67,283,9273951,1,1
y2_d071_DYE_YJD,283,67,283,9274501,2,2
y2_d071_DYE_YJD,283,67,283,9274501,0,5
y2_d071_DYE_YJD,284,67,284,9295801,1,1
y2_d071_DYE_YJD,284,67,284,9296301,2,2
y2_d071_DYE_YJD,284,67,284,9296301,0,5
y2_d071_DYE_YJD,285,67,285,9313251,1,1
y2_d071_DYE_YJD,285,67,285,9313701,10,4
y2_d071_DYE_YJD,285,67,285,9317351,255,16
y2_d071_DYE_YJD,285,67,285,9318301,255,16
y2_d071_DYE_YJD,285,67,285,9319051,255,16
y2_d071_DYE_YJD,285,67,285,9320251,7,2
y2_d071_DYE_YJD,285,67,285,9321451,7,3
y2_d071_DYE_YJD,285,67,285,9323751,255,16
y2_d071_DYE_YJD,285,67,285,9324301,5,2
y2_d071_DYE_YJD,285,67,285,9324801,0,5
y2_d071_DYE_YJD,286,68,286,9364001,1,1
y2_d071_DYE_YJD,286,68,286,9364501,2,2
y2_d071_DYE_YJD,286,68,286,9364651,0,5
y2_d071_DYE_YJD,287,68,287,9384001,1,1
y2_d071_DYE_YJD,287,68,287,9384501,2,2
y2_d071_DYE_YJD,287,68,287,9384501,0,5
y2_d071_DYE_YJD,288,68,288,9408101,1,1
y2_d071_DYE_YJD,288,68,288,9408601,2,2
y2_d071_DYE_YJD,288,68,288,9408601,0,5
y2_d071_DYE_YJD,289,68,289,9434751,1,1
y2_d071_DYE_YJD,289,68,289,9435301,2,2
y2_d071_DYE_YJD,289,68,289,9436951,2,3
y2_d071_DYE_YJD,289,68,289,9438201,6,2
y2_d071_DYE_YJD,289,68,289,9438801,0,5
y2_d071_DYE_YJD,290,68,290,9470201,1,1
y2_d071_DYE_YJD,290,68,290,9470751,2,2
y2_d071_DYE_YJD,290,68,290,9470951,0,5
y2_d071_DYE_YJD,291,68,291,9494551,1,1
y2_d071_DYE_YJD,291,68,291,9495051,2,2
y2_d071_DYE_YJD,291,68,291,9495051,0,5
y2_d071_DYE_YJD,292,69,292,9700501,1,1
y2_d071_DYE_YJD,292,69,292,9700951,2,2
y2_d071_DYE_YJD,292,69,292,9701101,0,5
y2_d071_DYE_YJD,293,69,293,9739201,1,1
y2_d071_DYE_YJD,293,69,293,9739701,2,2
y2_d071_DYE_YJD,293,69,293,9739701,0,5
y2_d071_DYE_YJD,294,69,294,9762351,1,1
y2_d071_DYE_YJD,294,69,294,9762851,255,16
y2_d071_DYE_YJD,294,69,294,9762951,2,9
y2_d071_DYE_YJD,294,69,294,9763101,255,16
y2_d071_DYE_YJD,294,69,294,9767801,1,2
y2_d071_DYE_YJD,294,69,294,9769701,0,5
y2_d071_DYE_YJD,295,69,295,9829151,1,1
y2_d071_DYE_YJD,295,69,295,9829651,2,2
y2_d071_DYE_YJD,295,69,295,9829651,0,5
y2_d071_DYE_YJD,296,69,296,9855651,1,1
y2_d071_DYE_YJD,296,69,296,9856151,2,2
y2_d071_DYE_YJD,296,69,296,9856151,0,5
y2_d071_DYE_YJD,297,69,297,9918901,1,1
y2_d071_DYE_YJD,297,69,297,9919401,2,2
y2_d071_DYE_YJD,297,69,297,9919401,0,5
y2_d071_DYE_YJD,298,70,298,9957051,1,1
y2_d071_DYE_YJD,298,70,298,9957501,2,2
y2_d071_DYE_YJD,298,70,298,9957501,0,5
y2_d071_DYE_YJD,299,70,299,9983351,1,1
y2_d071_DYE_YJD,299,70,299,9983751,10,4
y2_d071_DYE_YJD,299,70,299,9990151,4,2
y2_d071_DYE_YJD,299,70,299,9991201,0,5
y2_d071_DYE_YJD,300,71,300,10047901,1,1
y2_d071_DYE_YJD,300,71,300,10048451,2,2
y2_d071_DYE_YJD,300,71,300,10048701,0,5
y2_d071_DYE_YJD,301,71,301,10072751,1,1
y2_d071_DYE_YJD,301,71,301,10073251,2,2
y2_d071_DYE_YJD,301,71,301,10073251,0,5
y2_d071_DYE_YJD,302,71,302,10105101,1,1
y2_d071_DYE_YJD,302,71,302,10105551,2,2
y2_d071_DYE_YJD,302,71,302,10105551,0,5
y2_d071_DYE_YJD,303,71,303,10131901,1,1
y2_d071_DYE_YJD,303,71,303,10132351,2,2
y2_d071_DYE_YJD,303,71,303,10132351,0,5
y2_d071_DYE_YJD,304,72,304,10171301,1,1
y2_d071_DYE_YJD,304,72,304,10171851,2,2
y2_d071_DYE_YJD,304,72,304,10171851,0,5
y2_d071_DYE_YJD,305,72,305,10192251,1,1
y2_d071_DYE_YJD,305,72,305,10192701,10,4
y2_d071_DYE_YJD,305,72,305,10193101,0,5
y2_d071_DYE_YJD,306,72,306,10220851,1,1
y2_d071_DYE_YJD,306,72,306,10221351,10,4
y2_d071_DYE_YJD,306,72,306,10221551,0,5
y2_d071_DYE_YJD,307,72,307,10263401,1,1
y2_d071_DYE_YJD,307,72,307,10263851,2,2
y2_d071_DYE_YJD,307,72,307,10263851,0,5
y2_d071_DYE_YJD,308,72,308,10287801,1,1
y2_d071_DYE_YJD,308,72,308,10288251,10,4
y2_d071_DYE_YJD,308,72,308,10291401,255,11
y2_d071_DYE_YJD,308,72,308,10291651,0,5
y2_d071_DYE_YJD,309,73,309,10337651,1,1
y2_d071_DYE_YJD,309,73,309,10338051,10,4
y2_d071_DYE_YJD,309,73,309,10340501,255,16
y2_d071_DYE_YJD,309,73,309,10341051,9,2
y2_d071_DYE_YJD,309,73,309,10342701,9,3
y2_d071_DYE_YJD,309,73,309,10344351,4,2
y2_d071_DYE_YJD,309,73,309,10344551,0,5
y2_d071_DYE_YJD,310,74,310,10373901,1,1
y2_d071_DYE_YJD,310,74,310,10374401,2,2
y2_d071_DYE_YJD,310,74,310,10374401,0,5
y2_d071_DYE_YJD,311,74,311,10394201,1,1
y2_d071_DYE_YJD,311,74,311,10394651,10,4
y2_d071_DYE_YJD,311,74,311,10399551,7,2
y2_d071_DYE_YJD,311,74,311,10400201,0,5
y2_d071_DYE_YJD,312,75,312,10580151,1,1
y2_d071_DYE_YJD,312,75,312,10580601,10,9
y2_d071_DYE_YJD,312,75,312,10580951,0,5
y2_d071_DYE_YJD,313,76,313,10747801,1,1
y2_d071_DYE_YJD,313,76,313,10748251,2,2
y2_d071_DYE_YJD,313,76,313,10748251,0,5
y2_d071_DYE_YJD,314,76,314,10767851,1,1
y2_d071_DYE_YJD,314,76,314,10768351,2,2
y2_d071_DYE_YJD,314,76,314,10768351,0,5
y2_d071_DYE_YJD,315,76,315,10790851,1,1
y2_d071_DYE_YJD,315,76,315,10791301,2,2
y2_d071_DYE_YJD,315,76,315,10791301,0,5
y2_d071_DYE_YJD,316,76,316,10811251,1,1
y2_d071_DYE_YJD,316,76,316,10811751,2,2
y2_d071_DYE_YJD,316,76,316,10812051,0,5
y2_d071_DYE_YJD,317,76,317,10833951,1,1
y2_d071_DYE_YJD,317,76,317,10834351,10,4
y2_d071_DYE_YJD,317,76,317,10840151,7,2
y2_d071_DYE_YJD,317,76,317,10840851,0,5
y2_d071_DYE_YJD,318,77,318,10877801,1,1
y2_d071_DYE_YJD,318,77,318,10878251,2,2
y2_d071_DYE_YJD,318,77,318,10878251,0,5
y2_d071_DYE_YJD,319,77,319,10895101,1,1
y2_d071_DYE_YJD,319,77,319,10895601,2,2
y2_d071_DYE_YJD,319,77,319,10895751,0,5
y2_d071_DYE_YJD,320,77,320,10917001,1,1
y2_d071_DYE_YJD,320,77,320,10917451,10,4
y2_d071_DYE_YJD,320,77,320,10917651,0,5
y2_d071_DYE_YJD,321,77,321,10946151,1,1
y2_d071_DYE_YJD,321,77,321,10946601,2,2
y2_d071_DYE_YJD,321,77,321,10946601,0,5
y2_d071_DYE_YJD,322,78,322,10981451,1,1
y2_d071_DYE_YJD,322,78,322,10981901,2,2
y2_d071_DYE_YJD,322,78,322,10981901,0,5
y2_d071_DYE_YJD,323,78,323,10998301,1,1
y2_d071_DYE_YJD,323,78,323,10998701,2,2
y2_d071_DYE_YJD,323,78,323,10998951,0,5
y2_d071_DYE_YJD,324,78,324,11021401,1,1
y2_d071_DYE_YJD,324,78,324,11021851,2,2
y2_d071_DYE_YJD,324,78,324,11021851,0,5
y2_d071_DYE_YJD,325,78,325,11044801,1,1
y2_d071_DYE_YJD,325,78,325,11045201,2,2
y2_d071_DYE_YJD,325,78,325,11045201,0,5
y2_d071_DYE_YJD,326,78,326,11065951,1,1
y2_d071_DYE_YJD,326,78,326,11066401,2,2
y2_d071_DYE_YJD,326,78,326,11066551,0,5
y2_d071_DYE_YJD,327,78,327,11092051,1,1
y2_d071_DYE_YJD,327,78,327,11092451,10,4
y2_d071_DYE_YJD,327,78,327,11093201,3,2
y2_d071_DYE_YJD,327,78,327,11094051,0,5
