"game_str","play_id","at_bat","play_per_game","timestamp","player_position","event_code"
"y1_d079_PVJ_RZQ",1,"1",1,23066,1,1
"y1_d079_PVJ_RZQ",1,"1",1,23516,2,2
"y1_d079_PVJ_RZQ",1,"1",1,23566,0,5
"y1_d079_PVJ_RZQ",2,"1",2,44216,1,1
"y1_d079_PVJ_RZQ",2,"1",2,44666,2,2
"y1_d079_PVJ_RZQ",2,"1",2,44666,0,5
"y1_d079_PVJ_RZQ",3,"1",3,66166,1,1
"y1_d079_PVJ_RZQ",3,"1",3,66716,2,2
"y1_d079_PVJ_RZQ",3,"1",3,66716,0,5
"y1_d079_PVJ_RZQ",4,"1",4,82966,1,1
"y1_d079_PVJ_RZQ",4,"1",4,83466,2,2
"y1_d079_PVJ_RZQ",4,"1",4,83466,0,5
"y1_d079_PVJ_RZQ",5,"1",5,98316,1,1
"y1_d079_PVJ_RZQ",5,"1",5,98766,10,4
"y1_d079_PVJ_RZQ",5,"1",5,98816,255,16
"y1_d079_PVJ_RZQ",5,"1",5,100516,255,16
"y1_d079_PVJ_RZQ",5,"1",5,100916,6,2
"y1_d079_PVJ_RZQ",5,"1",5,101616,6,3
"y1_d079_PVJ_RZQ",5,"1",5,102716,3,2
"y1_d079_PVJ_RZQ",5,"1",5,102916,0,5
"y1_d079_PVJ_RZQ",6,"2",6,131466,1,1
"y1_d079_PVJ_RZQ",6,"2",6,131866,10,4
"y1_d079_PVJ_RZQ",6,"2",6,132316,0,5
"y1_d079_PVJ_RZQ",7,"2",7,149116,1,1
"y1_d079_PVJ_RZQ",7,"2",7,149566,10,4
"y1_d079_PVJ_RZQ",7,"2",7,149666,255,16
"y1_d079_PVJ_RZQ",7,"2",7,150266,255,16
"y1_d079_PVJ_RZQ",7,"2",7,150666,255,16
"y1_d079_PVJ_RZQ",7,"2",7,150966,255,16
"y1_d079_PVJ_RZQ",7,"2",7,151216,255,16
"y1_d079_PVJ_RZQ",7,"2",7,151466,255,16
"y1_d079_PVJ_RZQ",7,"2",7,151816,1,2
"y1_d079_PVJ_RZQ",7,"2",7,152266,1,3
"y1_d079_PVJ_RZQ",7,"2",7,152866,3,2
"y1_d079_PVJ_RZQ",7,"2",7,153166,0,5
"y1_d079_PVJ_RZQ",8,"3",8,194366,1,1
"y1_d079_PVJ_RZQ",8,"3",8,194866,10,4
"y1_d079_PVJ_RZQ",8,"3",8,195266,0,5
"y1_d079_PVJ_RZQ",9,"3",9,216116,1,1
"y1_d079_PVJ_RZQ",9,"3",9,216716,2,2
"y1_d079_PVJ_RZQ",9,"3",9,216716,0,5
"y1_d079_PVJ_RZQ",10,"3",10,234716,1,1
"y1_d079_PVJ_RZQ",10,"3",10,235216,2,2
"y1_d079_PVJ_RZQ",10,"3",10,235216,0,5
"y1_d079_PVJ_RZQ",11,"3",11,249516,1,1
"y1_d079_PVJ_RZQ",11,"3",11,249966,10,4
"y1_d079_PVJ_RZQ",11,"3",11,256066,255,11
"y1_d079_PVJ_RZQ",11,"3",11,256466,0,5
"y1_d079_PVJ_RZQ",12,"4",12,292766,1,1
"y1_d079_PVJ_RZQ",12,"4",12,293166,10,4
"y1_d079_PVJ_RZQ",12,"4",12,297516,255,11
"y1_d079_PVJ_RZQ",12,"4",12,297666,0,5
"y1_d079_PVJ_RZQ",13,"5",13,332616,1,1
"y1_d079_PVJ_RZQ",13,"5",13,333166,2,2
"y1_d079_PVJ_RZQ",13,"5",13,333166,0,5
"y1_d079_PVJ_RZQ",14,"5",14,343516,1,1
"y1_d079_PVJ_RZQ",14,"5",14,344016,2,2
"y1_d079_PVJ_RZQ",14,"5",14,344016,0,5
"y1_d079_PVJ_RZQ",15,"5",15,355916,1,1
"y1_d079_PVJ_RZQ",15,"5",15,356466,2,2
"y1_d079_PVJ_RZQ",15,"5",15,356466,0,5
"y1_d079_PVJ_RZQ",16,"5",16,375516,1,1
"y1_d079_PVJ_RZQ",16,"5",16,375966,10,4
"y1_d079_PVJ_RZQ",16,"5",16,376416,0,5
"y1_d079_PVJ_RZQ",17,"5",17,395016,1,1
"y1_d079_PVJ_RZQ",17,"5",17,395416,10,4
"y1_d079_PVJ_RZQ",17,"5",17,395766,0,5
"y1_d079_PVJ_RZQ",18,"5",18,417466,1,1
"y1_d079_PVJ_RZQ",18,"5",18,417916,10,4
"y1_d079_PVJ_RZQ",18,"5",18,418316,0,5
"y1_d079_PVJ_RZQ",19,"5",19,439666,1,1
"y1_d079_PVJ_RZQ",19,"5",19,440116,10,4
"y1_d079_PVJ_RZQ",19,"5",19,440416,0,5
"y1_d079_PVJ_RZQ",20,"5",20,461866,1,1
"y1_d079_PVJ_RZQ",20,"5",20,462366,2,2
"y1_d079_PVJ_RZQ",20,"5",20,462366,0,5
"y1_d079_PVJ_RZQ",21,"5",21,475716,1,1
"y1_d079_PVJ_RZQ",21,"5",21,476166,10,4
"y1_d079_PVJ_RZQ",21,"5",21,476216,255,16
"y1_d079_PVJ_RZQ",21,"5",21,477716,255,16
"y1_d079_PVJ_RZQ",21,"5",21,478466,255,16
"y1_d079_PVJ_RZQ",21,"5",21,478666,5,2
"y1_d079_PVJ_RZQ",21,"5",21,479466,5,3
"y1_d079_PVJ_RZQ",21,"5",21,480266,3,2
"y1_d079_PVJ_RZQ",21,"5",21,481016,0,5
"y1_d079_PVJ_RZQ",22,"6",22,628116,1,1
"y1_d079_PVJ_RZQ",22,"6",22,628616,2,2
"y1_d079_PVJ_RZQ",22,"6",22,628616,0,5
"y1_d079_PVJ_RZQ",23,"6",23,640216,1,1
"y1_d079_PVJ_RZQ",23,"6",23,640666,2,2
"y1_d079_PVJ_RZQ",23,"6",23,640666,0,5
"y1_d079_PVJ_RZQ",24,"6",24,654216,1,1
"y1_d079_PVJ_RZQ",24,"6",24,654716,2,2
"y1_d079_PVJ_RZQ",24,"6",24,654716,0,5
"y1_d079_PVJ_RZQ",25,"6",25,669516,1,1
"y1_d079_PVJ_RZQ",25,"6",25,669966,10,4
"y1_d079_PVJ_RZQ",25,"6",25,672016,255,16
"y1_d079_PVJ_RZQ",25,"6",25,672966,255,16
"y1_d079_PVJ_RZQ",25,"6",25,673316,9,2
"y1_d079_PVJ_RZQ",25,"6",25,674916,9,3
"y1_d079_PVJ_RZQ",25,"6",25,676416,4,2
"y1_d079_PVJ_RZQ",25,"6",25,676666,0,5
"y1_d079_PVJ_RZQ",26,"7",26,705666,1,1
"y1_d079_PVJ_RZQ",26,"7",26,706116,2,2
"y1_d079_PVJ_RZQ",26,"7",26,706116,0,5
"y1_d079_PVJ_RZQ",27,"7",27,732866,1,1
"y1_d079_PVJ_RZQ",27,"7",27,733416,2,2
"y1_d079_PVJ_RZQ",27,"7",27,733416,0,5
"y1_d079_PVJ_RZQ",28,"7",28,752866,1,1
"y1_d079_PVJ_RZQ",28,"7",28,753316,10,4
"y1_d079_PVJ_RZQ",28,"7",28,753666,0,5
"y1_d079_PVJ_RZQ",29,"7",29,777316,1,1
"y1_d079_PVJ_RZQ",29,"7",29,777716,10,4
"y1_d079_PVJ_RZQ",29,"7",29,777916,0,5
"y1_d079_PVJ_RZQ",30,"\N",30,798666,1,6
"y1_d079_PVJ_RZQ",30,"\N",30,799266,3,2
"y1_d079_PVJ_RZQ",30,"\N",30,799266,0,5
"y1_d079_PVJ_RZQ",31,"7",31,815466,1,1
"y1_d079_PVJ_RZQ",31,"7",31,815916,10,4
"y1_d079_PVJ_RZQ",31,"7",31,815966,255,16
"y1_d079_PVJ_RZQ",31,"7",31,817066,255,16
"y1_d079_PVJ_RZQ",31,"7",31,817616,4,2
"y1_d079_PVJ_RZQ",31,"7",31,819066,4,3
"y1_d079_PVJ_RZQ",31,"7",31,819666,3,2
"y1_d079_PVJ_RZQ",31,"7",31,819966,0,5
"y1_d079_PVJ_RZQ",32,"8",32,852566,1,1
"y1_d079_PVJ_RZQ",32,"8",32,852966,10,4
"y1_d079_PVJ_RZQ",32,"8",32,853266,0,5
"y1_d079_PVJ_RZQ",33,"8",33,874566,1,1
"y1_d079_PVJ_RZQ",33,"8",33,875116,2,2
"y1_d079_PVJ_RZQ",33,"8",33,875116,0,5
"y1_d079_PVJ_RZQ",34,"8",34,894966,1,1
"y1_d079_PVJ_RZQ",34,"8",34,895516,2,2
"y1_d079_PVJ_RZQ",34,"8",34,895516,0,5
"y1_d079_PVJ_RZQ",35,"8",35,916066,1,1
"y1_d079_PVJ_RZQ",35,"8",35,916566,10,4
"y1_d079_PVJ_RZQ",35,"8",35,916916,0,5
"y1_d079_PVJ_RZQ",36,"8",36,942016,1,1
"y1_d079_PVJ_RZQ",36,"8",36,942466,2,2
"y1_d079_PVJ_RZQ",36,"8",36,942466,0,5
"y1_d079_PVJ_RZQ",37,"8",37,961616,1,1
"y1_d079_PVJ_RZQ",37,"8",37,962116,10,4
"y1_d079_PVJ_RZQ",37,"8",37,965766,9,2
"y1_d079_PVJ_RZQ",37,"8",37,966166,0,5
"y1_d079_PVJ_RZQ",38,"9",38,1096216,1,1
"y1_d079_PVJ_RZQ",38,"9",38,1096716,2,2
"y1_d079_PVJ_RZQ",38,"9",38,1096716,0,5
"y1_d079_PVJ_RZQ",39,"9",39,1109616,1,1
"y1_d079_PVJ_RZQ",39,"9",39,1110016,10,4
"y1_d079_PVJ_RZQ",39,"9",39,1110316,0,5
"y1_d079_PVJ_RZQ",40,"9",40,1133766,1,1
"y1_d079_PVJ_RZQ",40,"9",40,1134216,10,4
"y1_d079_PVJ_RZQ",40,"9",40,1134466,0,5
"y1_d079_PVJ_RZQ",41,"9",41,1153366,1,1
"y1_d079_PVJ_RZQ",41,"9",41,1153866,2,2
"y1_d079_PVJ_RZQ",41,"9",41,1153866,0,5
"y1_d079_PVJ_RZQ",42,"9",42,1169966,1,1
"y1_d079_PVJ_RZQ",42,"9",42,1170566,2,2
"y1_d079_PVJ_RZQ",42,"9",42,1170566,0,5
"y1_d079_PVJ_RZQ",43,"9",43,1189616,1,1
"y1_d079_PVJ_RZQ",43,"9",43,1190066,10,4
"y1_d079_PVJ_RZQ",43,"9",43,1195366,255,11
"y1_d079_PVJ_RZQ",43,"9",43,1195516,0,5
"y1_d079_PVJ_RZQ",44,"10",44,1234366,1,1
"y1_d079_PVJ_RZQ",44,"10",44,1234866,2,2
"y1_d079_PVJ_RZQ",44,"10",44,1234866,0,5
"y1_d079_PVJ_RZQ",45,"10",45,1250466,1,1
"y1_d079_PVJ_RZQ",45,"10",45,1250866,10,4
"y1_d079_PVJ_RZQ",45,"10",45,1251166,0,5
"y1_d079_PVJ_RZQ",46,"10",46,1272766,1,1
"y1_d079_PVJ_RZQ",46,"10",46,1273216,2,2
"y1_d079_PVJ_RZQ",46,"10",46,1273216,0,5
"y1_d079_PVJ_RZQ",47,"10",47,1287616,1,1
"y1_d079_PVJ_RZQ",47,"10",47,1288116,2,2
"y1_d079_PVJ_RZQ",47,"10",47,1288116,0,5
"y1_d079_PVJ_RZQ",48,"10",48,1301216,1,1
"y1_d079_PVJ_RZQ",48,"10",48,1301716,10,4
"y1_d079_PVJ_RZQ",48,"10",48,1302116,0,5
"y1_d079_PVJ_RZQ",49,"10",49,1326366,1,1
"y1_d079_PVJ_RZQ",49,"10",49,1326766,10,4
"y1_d079_PVJ_RZQ",49,"10",49,1328666,255,16
"y1_d079_PVJ_RZQ",49,"10",49,1329566,255,16
"y1_d079_PVJ_RZQ",49,"10",49,1330116,255,16
"y1_d079_PVJ_RZQ",49,"10",49,1330516,8,2
"y1_d079_PVJ_RZQ",49,"10",49,1332266,8,3
"y1_d079_PVJ_RZQ",49,"10",49,1333566,4,2
"y1_d079_PVJ_RZQ",49,"10",49,1334116,0,5
"y1_d079_PVJ_RZQ",50,"11",50,1390716,1,1
"y1_d079_PVJ_RZQ",50,"11",50,1391166,2,2
"y1_d079_PVJ_RZQ",50,"11",50,1391166,0,5
"y1_d079_PVJ_RZQ",51,"11",51,1405816,1,1
"y1_d079_PVJ_RZQ",51,"11",51,1406366,2,2
"y1_d079_PVJ_RZQ",51,"11",51,1406366,0,5
"y1_d079_PVJ_RZQ",52,"11",52,1421966,1,1
"y1_d079_PVJ_RZQ",52,"11",52,1422416,10,4
"y1_d079_PVJ_RZQ",52,"11",52,1425066,9,2
"y1_d079_PVJ_RZQ",52,"11",52,1426516,9,3
"y1_d079_PVJ_RZQ",52,"11",52,1428466,4,2
"y1_d079_PVJ_RZQ",52,"11",52,1428766,0,5
"y1_d079_PVJ_RZQ",53,"12",53,1458766,1,1
"y1_d079_PVJ_RZQ",53,"12",53,1459166,10,4
"y1_d079_PVJ_RZQ",53,"12",53,1459616,0,5
"y1_d079_PVJ_RZQ",54,"12",54,1482616,1,1
"y1_d079_PVJ_RZQ",54,"12",54,1483066,10,4
"y1_d079_PVJ_RZQ",54,"12",54,1483366,0,5
"y1_d079_PVJ_RZQ",55,"12",55,1505616,1,1
"y1_d079_PVJ_RZQ",55,"12",55,1506116,2,2
"y1_d079_PVJ_RZQ",55,"12",55,1506116,0,5
"y1_d079_PVJ_RZQ",56,"12",56,1531666,1,1
"y1_d079_PVJ_RZQ",56,"12",56,1532166,2,2
"y1_d079_PVJ_RZQ",56,"12",56,1532166,0,5
"y1_d079_PVJ_RZQ",57,"12",57,1550116,1,1
"y1_d079_PVJ_RZQ",57,"12",57,1550566,10,4
"y1_d079_PVJ_RZQ",57,"12",57,1550666,255,16
"y1_d079_PVJ_RZQ",57,"12",57,1551616,255,16
"y1_d079_PVJ_RZQ",57,"12",57,1552116,255,16
"y1_d079_PVJ_RZQ",57,"12",57,1552516,255,16
"y1_d079_PVJ_RZQ",57,"12",57,1552666,1,2
"y1_d079_PVJ_RZQ",57,"12",57,1553816,1,3
"y1_d079_PVJ_RZQ",57,"12",57,1554816,3,2
"y1_d079_PVJ_RZQ",57,"12",57,1554966,0,5
"y1_d079_PVJ_RZQ",58,"13",58,1592816,1,1
"y1_d079_PVJ_RZQ",58,"13",58,1593366,2,2
"y1_d079_PVJ_RZQ",58,"13",58,1593366,0,5
"y1_d079_PVJ_RZQ",59,"13",59,1614866,1,1
"y1_d079_PVJ_RZQ",59,"13",59,1615266,10,4
"y1_d079_PVJ_RZQ",59,"13",59,1615716,0,5
"y1_d079_PVJ_RZQ",60,"13",60,1641316,1,1
"y1_d079_PVJ_RZQ",60,"13",60,1641866,2,2
"y1_d079_PVJ_RZQ",60,"13",60,1641866,0,5
"y1_d079_PVJ_RZQ",61,"13",61,1661016,1,1
"y1_d079_PVJ_RZQ",61,"13",61,1661466,10,4
"y1_d079_PVJ_RZQ",61,"13",61,1662566,255,16
"y1_d079_PVJ_RZQ",61,"13",61,1663316,255,16
"y1_d079_PVJ_RZQ",61,"13",61,1663866,255,16
"y1_d079_PVJ_RZQ",61,"13",61,1664266,255,16
"y1_d079_PVJ_RZQ",61,"13",61,1664516,255,16
"y1_d079_PVJ_RZQ",61,"13",61,1667966,255,10
"y1_d079_PVJ_RZQ",61,"13",61,1668866,8,2
"y1_d079_PVJ_RZQ",61,"13",61,1670066,8,3
"y1_d079_PVJ_RZQ",61,"13",61,1671966,6,2
"y1_d079_PVJ_RZQ",61,"13",61,1672566,6,3
"y1_d079_PVJ_RZQ",61,"13",61,1673566,5,2
"y1_d079_PVJ_RZQ",61,"13",61,1674966,0,5
"y1_d079_PVJ_RZQ",62,"14",62,1749016,1,1
"y1_d079_PVJ_RZQ",62,"14",62,1749466,2,2
"y1_d079_PVJ_RZQ",62,"14",62,1749466,0,5
"y1_d079_PVJ_RZQ",63,"14",63,1762616,1,1
"y1_d079_PVJ_RZQ",63,"14",63,1763066,2,2
"y1_d079_PVJ_RZQ",63,"14",63,1763066,0,5
"y1_d079_PVJ_RZQ",64,"14",64,1779066,1,1
"y1_d079_PVJ_RZQ",64,"14",64,1779566,2,2
"y1_d079_PVJ_RZQ",64,"14",64,1779566,0,5
"y1_d079_PVJ_RZQ",65,"14",65,1796666,1,1
"y1_d079_PVJ_RZQ",65,"14",65,1797266,2,2
"y1_d079_PVJ_RZQ",65,"14",65,1797266,0,5
"y1_d079_PVJ_RZQ",66,"14",66,1813016,1,1
"y1_d079_PVJ_RZQ",66,"14",66,1813466,10,4
"y1_d079_PVJ_RZQ",66,"14",66,1813816,0,5
"y1_d079_PVJ_RZQ",67,"14",67,1839716,1,1
"y1_d079_PVJ_RZQ",67,"14",67,1840316,2,2
"y1_d079_PVJ_RZQ",67,"14",67,1840316,0,5
"y1_d079_PVJ_RZQ",68,"15",68,1979766,1,1
"y1_d079_PVJ_RZQ",68,"15",68,1980216,2,2
"y1_d079_PVJ_RZQ",68,"15",68,1980216,0,5
"y1_d079_PVJ_RZQ",69,"15",69,1994066,1,1
"y1_d079_PVJ_RZQ",69,"15",69,1994566,2,2
"y1_d079_PVJ_RZQ",69,"15",69,1994566,0,5
"y1_d079_PVJ_RZQ",70,"15",70,2009216,1,1
"y1_d079_PVJ_RZQ",70,"15",70,2009666,10,4
"y1_d079_PVJ_RZQ",70,"15",70,2014266,9,2
"y1_d079_PVJ_RZQ",70,"15",70,2014616,0,5
"y1_d079_PVJ_RZQ",71,"16",71,2040566,1,1
"y1_d079_PVJ_RZQ",71,"16",71,2041016,10,4
"y1_d079_PVJ_RZQ",71,"16",71,2046766,9,2
"y1_d079_PVJ_RZQ",71,"16",71,2047166,0,5
"y1_d079_PVJ_RZQ",72,"17",72,2077016,1,1
"y1_d079_PVJ_RZQ",72,"17",72,2077466,2,2
"y1_d079_PVJ_RZQ",72,"17",72,2077466,0,5
"y1_d079_PVJ_RZQ",73,"17",73,2087816,1,1
"y1_d079_PVJ_RZQ",73,"17",73,2088216,10,4
"y1_d079_PVJ_RZQ",73,"17",73,2088466,0,5
"y1_d079_PVJ_RZQ",74,"17",74,2105216,1,1
"y1_d079_PVJ_RZQ",74,"17",74,2105716,2,2
"y1_d079_PVJ_RZQ",74,"17",74,2105716,0,5
"y1_d079_PVJ_RZQ",75,"17",75,2118566,1,1
"y1_d079_PVJ_RZQ",75,"17",75,2119066,2,2
"y1_d079_PVJ_RZQ",75,"17",75,2119066,0,5
"y1_d079_PVJ_RZQ",76,"17",76,2134066,1,1
"y1_d079_PVJ_RZQ",76,"17",76,2134466,10,4
"y1_d079_PVJ_RZQ",76,"17",76,2140916,8,2
"y1_d079_PVJ_RZQ",76,"17",76,2141266,0,5
"y1_d079_PVJ_RZQ",77,"18",77,2277666,1,1
"y1_d079_PVJ_RZQ",77,"18",77,2278266,2,2
"y1_d079_PVJ_RZQ",77,"18",77,2278266,0,5
"y1_d079_PVJ_RZQ",78,"18",78,2291266,1,1
"y1_d079_PVJ_RZQ",78,"18",78,2291766,2,2
"y1_d079_PVJ_RZQ",78,"18",78,2291766,0,5
"y1_d079_PVJ_RZQ",79,"18",79,2304816,1,1
"y1_d079_PVJ_RZQ",79,"18",79,2305416,2,2
"y1_d079_PVJ_RZQ",79,"18",79,2305416,0,5
"y1_d079_PVJ_RZQ",80,"18",80,2322766,1,1
"y1_d079_PVJ_RZQ",80,"18",80,2323366,2,2
"y1_d079_PVJ_RZQ",80,"18",80,2323366,0,5
"y1_d079_PVJ_RZQ",81,"18",81,2342216,1,1
"y1_d079_PVJ_RZQ",81,"18",81,2342716,2,2
"y1_d079_PVJ_RZQ",81,"18",81,2342716,0,5
"y1_d079_PVJ_RZQ",82,"18",82,2355016,1,1
"y1_d079_PVJ_RZQ",82,"18",82,2355516,10,4
"y1_d079_PVJ_RZQ",82,"18",82,2355716,255,16
"y1_d079_PVJ_RZQ",82,"18",82,2356066,255,16
"y1_d079_PVJ_RZQ",82,"18",82,2356466,255,16
"y1_d079_PVJ_RZQ",82,"18",82,2356766,255,16
"y1_d079_PVJ_RZQ",82,"18",82,2357066,6,9
"y1_d079_PVJ_RZQ",82,"18",82,2357316,255,16
"y1_d079_PVJ_RZQ",82,"18",82,2357616,255,16
"y1_d079_PVJ_RZQ",82,"18",82,2361466,7,2
"y1_d079_PVJ_RZQ",82,"18",82,2362866,7,3
"y1_d079_PVJ_RZQ",82,"18",82,2364816,255,16
"y1_d079_PVJ_RZQ",82,"18",82,2365566,4,2
"y1_d079_PVJ_RZQ",82,"18",82,2366116,0,5
"y1_d079_PVJ_RZQ",83,"19",83,2389816,1,1
"y1_d079_PVJ_RZQ",83,"19",83,2390366,2,2
"y1_d079_PVJ_RZQ",83,"19",83,2390366,0,5
"y1_d079_PVJ_RZQ",84,"19",84,2406966,1,1
"y1_d079_PVJ_RZQ",84,"19",84,2407466,2,2
"y1_d079_PVJ_RZQ",84,"19",84,2407466,0,5
"y1_d079_PVJ_RZQ",85,"19",85,2424766,1,1
"y1_d079_PVJ_RZQ",85,"19",85,2425216,2,2
"y1_d079_PVJ_RZQ",85,"19",85,2425216,0,5
"y1_d079_PVJ_RZQ",86,"19",86,2442966,1,1
"y1_d079_PVJ_RZQ",86,"19",86,2443466,2,2
"y1_d079_PVJ_RZQ",86,"19",86,2443466,0,5
"y1_d079_PVJ_RZQ",87,"20",87,4454116,1,1
"y1_d079_PVJ_RZQ",87,"20",87,4454616,2,2
"y1_d079_PVJ_RZQ",87,"20",87,4454616,0,5
"y1_d079_PVJ_RZQ",88,"20",88,4472766,1,1
"y1_d079_PVJ_RZQ",88,"20",88,4473266,10,4
"y1_d079_PVJ_RZQ",88,"20",88,4473366,255,16
"y1_d079_PVJ_RZQ",88,"20",88,4473866,255,16
"y1_d079_PVJ_RZQ",88,"20",88,4474416,255,16
"y1_d079_PVJ_RZQ",88,"20",88,4474866,255,16
"y1_d079_PVJ_RZQ",88,"20",88,4475266,4,2
"y1_d079_PVJ_RZQ",88,"20",88,4475666,4,3
"y1_d079_PVJ_RZQ",88,"20",88,4476116,6,2
"y1_d079_PVJ_RZQ",88,"20",88,4476666,6,3
"y1_d079_PVJ_RZQ",88,"20",88,4477666,3,2
"y1_d079_PVJ_RZQ",88,"20",88,4477966,0,5
"y1_d079_PVJ_RZQ",89,"21",89,4512366,1,1
"y1_d079_PVJ_RZQ",89,"21",89,4512866,2,2
"y1_d079_PVJ_RZQ",89,"21",89,4512866,0,5
"y1_d079_PVJ_RZQ",90,"21",90,4529566,1,1
"y1_d079_PVJ_RZQ",90,"21",90,4530116,2,2
"y1_d079_PVJ_RZQ",90,"21",90,4530116,0,5
"y1_d079_PVJ_RZQ",91,"21",91,4555416,1,1
"y1_d079_PVJ_RZQ",91,"21",91,4555966,2,2
"y1_d079_PVJ_RZQ",91,"21",91,4555966,0,5
"y1_d079_PVJ_RZQ",92,"21",92,4571516,1,1
"y1_d079_PVJ_RZQ",92,"21",92,4571966,2,2
"y1_d079_PVJ_RZQ",92,"21",92,4571966,0,5
"y1_d079_PVJ_RZQ",93,"21",93,4590216,1,1
"y1_d079_PVJ_RZQ",93,"21",93,4590766,2,2
"y1_d079_PVJ_RZQ",93,"21",93,4590766,0,5
"y1_d079_PVJ_RZQ",94,"21",94,4607866,1,1
"y1_d079_PVJ_RZQ",94,"21",94,4608366,10,4
"y1_d079_PVJ_RZQ",94,"21",94,4614216,9,2
"y1_d079_PVJ_RZQ",94,"21",94,4616566,0,5
"y1_d079_PVJ_RZQ",95,"22",95,4760666,1,1
"y1_d079_PVJ_RZQ",95,"22",95,4761166,2,2
"y1_d079_PVJ_RZQ",95,"22",95,4761166,0,5
"y1_d079_PVJ_RZQ",96,"22",96,4776766,1,1
"y1_d079_PVJ_RZQ",96,"22",96,4777266,2,2
"y1_d079_PVJ_RZQ",96,"22",96,4777266,0,5
"y1_d079_PVJ_RZQ",97,"22",97,4789216,1,1
"y1_d079_PVJ_RZQ",97,"22",97,4789716,2,2
"y1_d079_PVJ_RZQ",97,"22",97,4789716,0,5
"y1_d079_PVJ_RZQ",98,"22",98,4802116,1,1
"y1_d079_PVJ_RZQ",98,"22",98,4802616,2,2
"y1_d079_PVJ_RZQ",98,"22",98,4802616,0,5
"y1_d079_PVJ_RZQ",99,"22",99,4814766,1,1
"y1_d079_PVJ_RZQ",99,"22",99,4815216,10,4
"y1_d079_PVJ_RZQ",99,"22",99,4819066,255,10
"y1_d079_PVJ_RZQ",99,"22",99,4819216,255,16
"y1_d079_PVJ_RZQ",99,"22",99,4820016,7,2
"y1_d079_PVJ_RZQ",99,"22",99,4822166,7,3
"y1_d079_PVJ_RZQ",99,"22",99,4824266,4,2
"y1_d079_PVJ_RZQ",99,"22",99,4824966,0,5
"y1_d079_PVJ_RZQ",100,"23",100,4854466,1,1
"y1_d079_PVJ_RZQ",100,"23",100,4854866,10,4
"y1_d079_PVJ_RZQ",100,"23",100,4855016,255,16
"y1_d079_PVJ_RZQ",100,"23",100,4855466,255,16
"y1_d079_PVJ_RZQ",100,"23",100,4855866,255,16
"y1_d079_PVJ_RZQ",100,"23",100,4856166,255,16
"y1_d079_PVJ_RZQ",100,"23",100,4856616,255,16
"y1_d079_PVJ_RZQ",100,"23",100,4858466,9,2
"y1_d079_PVJ_RZQ",100,"23",100,4860066,9,3
"y1_d079_PVJ_RZQ",100,"23",100,4861566,6,2
"y1_d079_PVJ_RZQ",100,"23",100,4862066,0,5
"y1_d079_PVJ_RZQ",101,"24",101,4892766,1,1
"y1_d079_PVJ_RZQ",101,"24",101,4893266,2,2
"y1_d079_PVJ_RZQ",101,"24",101,4893266,0,5
"y1_d079_PVJ_RZQ",102,"24",102,4913816,1,1
"y1_d079_PVJ_RZQ",102,"24",102,4914316,2,2
"y1_d079_PVJ_RZQ",102,"24",102,4914316,0,5
"y1_d079_PVJ_RZQ",103,"24",103,4937766,1,1
"y1_d079_PVJ_RZQ",103,"24",103,4938216,10,4
"y1_d079_PVJ_RZQ",103,"24",103,4938316,255,16
"y1_d079_PVJ_RZQ",103,"24",103,4938866,255,16
"y1_d079_PVJ_RZQ",103,"24",103,4939166,255,16
"y1_d079_PVJ_RZQ",103,"24",103,4939416,255,16
"y1_d079_PVJ_RZQ",103,"24",103,4940866,5,2
"y1_d079_PVJ_RZQ",103,"24",103,4942616,0,5
"y1_d079_PVJ_RZQ",104,"25",104,4983566,1,1
"y1_d079_PVJ_RZQ",104,"25",104,4983966,10,4
"y1_d079_PVJ_RZQ",104,"25",104,4985516,255,16
"y1_d079_PVJ_RZQ",104,"25",104,4986266,255,16
"y1_d079_PVJ_RZQ",104,"25",104,4986866,255,16
"y1_d079_PVJ_RZQ",104,"25",104,4987216,255,16
"y1_d079_PVJ_RZQ",104,"25",104,4987316,8,2
"y1_d079_PVJ_RZQ",104,"25",104,4988716,8,3
"y1_d079_PVJ_RZQ",104,"25",104,4990266,3,2
"y1_d079_PVJ_RZQ",104,"25",104,4990716,0,5
"y1_d079_PVJ_RZQ",105,"26",105,5027716,1,1
"y1_d079_PVJ_RZQ",105,"26",105,5028166,10,4
"y1_d079_PVJ_RZQ",105,"26",105,5033966,5,2
"y1_d079_PVJ_RZQ",105,"26",105,5034116,0,5
"y1_d079_PVJ_RZQ",106,"27",106,5066366,1,1
"y1_d079_PVJ_RZQ",106,"27",106,5066866,2,2
"y1_d079_PVJ_RZQ",106,"27",106,5066866,0,5
"y1_d079_PVJ_RZQ",107,"27",107,5089116,1,1
"y1_d079_PVJ_RZQ",107,"27",107,5089616,2,2
"y1_d079_PVJ_RZQ",107,"27",107,5089616,0,5
"y1_d079_PVJ_RZQ",108,"27",108,5114116,1,1
"y1_d079_PVJ_RZQ",108,"27",108,5114616,2,2
"y1_d079_PVJ_RZQ",108,"27",108,5114616,0,5
"y1_d079_PVJ_RZQ",109,"27",109,5140816,1,1
"y1_d079_PVJ_RZQ",109,"27",109,5141266,2,2
"y1_d079_PVJ_RZQ",109,"27",109,5141266,0,5
"y1_d079_PVJ_RZQ",110,"27",110,5164566,1,1
"y1_d079_PVJ_RZQ",110,"27",110,5165016,10,4
"y1_d079_PVJ_RZQ",110,"27",110,5165316,0,5
"y1_d079_PVJ_RZQ",111,"27",111,5231166,1,1
"y1_d079_PVJ_RZQ",111,"27",111,5231566,10,4
"y1_d079_PVJ_RZQ",111,"27",111,5233516,6,2
"y1_d079_PVJ_RZQ",111,"27",111,5235016,0,5
"y1_d079_PVJ_RZQ",112,"28",112,5264366,1,1
"y1_d079_PVJ_RZQ",112,"28",112,5264866,2,2
"y1_d079_PVJ_RZQ",112,"28",112,5264866,0,5
"y1_d079_PVJ_RZQ",113,"28",113,5283916,1,1
"y1_d079_PVJ_RZQ",113,"28",113,5284416,2,2
"y1_d079_PVJ_RZQ",113,"28",113,5284416,0,5
"y1_d079_PVJ_RZQ",114,"28",114,5301966,1,1
"y1_d079_PVJ_RZQ",114,"28",114,5302416,10,4
"y1_d079_PVJ_RZQ",114,"28",114,5302466,255,16
"y1_d079_PVJ_RZQ",114,"28",114,5303816,255,16
"y1_d079_PVJ_RZQ",114,"28",114,5304516,255,16
"y1_d079_PVJ_RZQ",114,"28",114,5304866,5,2
"y1_d079_PVJ_RZQ",114,"28",114,5305666,5,3
"y1_d079_PVJ_RZQ",114,"28",114,5306666,3,2
"y1_d079_PVJ_RZQ",114,"28",114,5306866,0,5
"y1_d079_PVJ_RZQ",115,"29",115,5439166,1,1
"y1_d079_PVJ_RZQ",115,"29",115,5439616,10,4
"y1_d079_PVJ_RZQ",115,"29",115,5440166,255,16
"y1_d079_PVJ_RZQ",115,"29",115,5440516,5,9
"y1_d079_PVJ_RZQ",115,"29",115,5441516,5,2
"y1_d079_PVJ_RZQ",115,"29",115,5442516,5,3
"y1_d079_PVJ_RZQ",115,"29",115,5444016,3,2
"y1_d079_PVJ_RZQ",115,"29",115,5444816,0,5
"y1_d079_PVJ_RZQ",116,"30",116,5563016,1,1
"y1_d079_PVJ_RZQ",116,"30",116,5563516,2,2
"y1_d079_PVJ_RZQ",116,"30",116,5563516,0,5
"y1_d079_PVJ_RZQ",117,"30",117,5577216,1,1
"y1_d079_PVJ_RZQ",117,"30",117,5577766,2,2
"y1_d079_PVJ_RZQ",117,"30",117,5577766,0,5
"y1_d079_PVJ_RZQ",118,"30",118,5591766,1,1
"y1_d079_PVJ_RZQ",118,"30",118,5592266,2,2
"y1_d079_PVJ_RZQ",118,"30",118,5592266,0,5
"y1_d079_PVJ_RZQ",119,"30",119,5608066,1,1
"y1_d079_PVJ_RZQ",119,"30",119,5608566,2,2
"y1_d079_PVJ_RZQ",119,"30",119,5608566,0,5
"y1_d079_PVJ_RZQ",120,"30",120,5625366,1,1
"y1_d079_PVJ_RZQ",120,"30",120,5625816,10,4
"y1_d079_PVJ_RZQ",120,"30",120,5626116,0,5
"y1_d079_PVJ_RZQ",121,"\N",121,5656816,1,6
"y1_d079_PVJ_RZQ",121,"\N",121,5657416,3,2
"y1_d079_PVJ_RZQ",121,"\N",121,5657416,0,5
"y1_d079_PVJ_RZQ",122,"30",122,5670516,1,1
"y1_d079_PVJ_RZQ",122,"30",122,5671016,2,2
"y1_d079_PVJ_RZQ",122,"30",122,5672566,2,3
"y1_d079_PVJ_RZQ",122,"30",122,5673766,4,2
"y1_d079_PVJ_RZQ",122,"30",122,5674266,0,5
"y1_d079_PVJ_RZQ",123,"31",123,5713766,1,1
"y1_d079_PVJ_RZQ",123,"31",123,5714316,2,2
"y1_d079_PVJ_RZQ",123,"31",123,5714316,0,5
"y1_d079_PVJ_RZQ",124,"31",124,5730116,1,1
"y1_d079_PVJ_RZQ",124,"31",124,5730566,2,2
"y1_d079_PVJ_RZQ",124,"31",124,5730566,0,5
"y1_d079_PVJ_RZQ",125,"31",125,5754366,1,1
"y1_d079_PVJ_RZQ",125,"31",125,5754816,10,4
"y1_d079_PVJ_RZQ",125,"31",125,5755166,0,5
"y1_d079_PVJ_RZQ",126,"31",126,5777266,1,1
"y1_d079_PVJ_RZQ",126,"31",126,5777766,2,2
"y1_d079_PVJ_RZQ",126,"31",126,5777766,0,5
"y1_d079_PVJ_RZQ",127,"31",127,5797016,1,1
"y1_d079_PVJ_RZQ",127,"31",127,5797516,2,2
"y1_d079_PVJ_RZQ",127,"31",127,5797516,0,5
"y1_d079_PVJ_RZQ",128,"32",128,5832766,1,1
"y1_d079_PVJ_RZQ",128,"32",128,5833316,2,2
"y1_d079_PVJ_RZQ",128,"32",128,5833316,0,5
"y1_d079_PVJ_RZQ",129,"32",129,7792616,1,1
"y1_d079_PVJ_RZQ",129,"32",129,7793066,2,2
"y1_d079_PVJ_RZQ",129,"32",129,7793066,0,5
"y1_d079_PVJ_RZQ",130,"32",130,7816866,1,1
"y1_d079_PVJ_RZQ",130,"32",130,7817316,2,2
"y1_d079_PVJ_RZQ",130,"32",130,7817316,0,5
"y1_d079_PVJ_RZQ",131,"32",131,7843566,1,1
"y1_d079_PVJ_RZQ",131,"32",131,7844016,2,2
"y1_d079_PVJ_RZQ",131,"32",131,7844016,0,5
"y1_d079_PVJ_RZQ",132,"32",132,7869716,1,1
"y1_d079_PVJ_RZQ",132,"32",132,7870116,10,4
"y1_d079_PVJ_RZQ",132,"32",132,7870366,0,5
"y1_d079_PVJ_RZQ",133,"32",133,7903116,1,1
"y1_d079_PVJ_RZQ",133,"32",133,7903566,2,2
"y1_d079_PVJ_RZQ",133,"32",133,7903566,0,5
"y1_d079_PVJ_RZQ",134,"33",134,7939466,1,1
"y1_d079_PVJ_RZQ",134,"33",134,7939916,2,2
"y1_d079_PVJ_RZQ",134,"33",134,7939916,0,5
"y1_d079_PVJ_RZQ",135,"33",135,7963666,1,1
"y1_d079_PVJ_RZQ",135,"33",135,7964116,2,2
"y1_d079_PVJ_RZQ",135,"33",135,7964116,0,5
"y1_d079_PVJ_RZQ",136,"33",136,7990966,1,1
"y1_d079_PVJ_RZQ",136,"33",136,7991416,2,2
"y1_d079_PVJ_RZQ",136,"33",136,7991416,0,5
"y1_d079_PVJ_RZQ",137,"33",137,8020016,1,1
"y1_d079_PVJ_RZQ",137,"33",137,8020416,10,4
"y1_d079_PVJ_RZQ",137,"33",137,8023516,255,16
"y1_d079_PVJ_RZQ",137,"33",137,8024016,9,2
"y1_d079_PVJ_RZQ",137,"33",137,8025016,9,3
"y1_d079_PVJ_RZQ",137,"33",137,8026166,255,16
"y1_d079_PVJ_RZQ",137,"33",137,8026616,255,16
"y1_d079_PVJ_RZQ",137,"33",137,8027016,255,16
"y1_d079_PVJ_RZQ",137,"33",137,8027266,255,16
"y1_d079_PVJ_RZQ",137,"33",137,8027816,255,16
"y1_d079_PVJ_RZQ",137,"33",137,8030766,1,2
"y1_d079_PVJ_RZQ",137,"33",137,8031966,1,3
"y1_d079_PVJ_RZQ",137,"33",137,8032966,5,2
"y1_d079_PVJ_RZQ",137,"33",137,8034566,5,3
"y1_d079_PVJ_RZQ",137,"33",137,8035116,2,2
"y1_d079_PVJ_RZQ",137,"33",137,8036616,0,5
"y1_d079_PVJ_RZQ",138,"34",138,8183816,1,1
"y1_d079_PVJ_RZQ",138,"34",138,8184316,2,2
"y1_d079_PVJ_RZQ",138,"34",138,8184316,0,5
"y1_d079_PVJ_RZQ",139,"34",139,8195466,1,1
"y1_d079_PVJ_RZQ",139,"34",139,8195916,10,4
"y1_d079_PVJ_RZQ",139,"34",139,8201366,5,2
"y1_d079_PVJ_RZQ",139,"34",139,8201716,0,5
"y1_d079_PVJ_RZQ",140,"35",140,8226166,1,1
"y1_d079_PVJ_RZQ",140,"35",140,8226666,2,2
"y1_d079_PVJ_RZQ",140,"35",140,8226666,0,5
"y1_d079_PVJ_RZQ",141,"35",141,8237066,1,1
"y1_d079_PVJ_RZQ",141,"35",141,8237566,2,2
"y1_d079_PVJ_RZQ",141,"35",141,8237566,0,5
"y1_d079_PVJ_RZQ",142,"35",142,8252916,1,1
"y1_d079_PVJ_RZQ",142,"35",142,8253316,255,16
"y1_d079_PVJ_RZQ",142,"35",142,8253416,2,2
"y1_d079_PVJ_RZQ",142,"35",142,8253416,0,5
"y1_d079_PVJ_RZQ",143,"35",143,8269716,1,1
"y1_d079_PVJ_RZQ",143,"35",143,8270216,2,2
"y1_d079_PVJ_RZQ",143,"35",143,8270216,0,5
"y1_d079_PVJ_RZQ",144,"35",144,8285966,1,1
"y1_d079_PVJ_RZQ",144,"35",144,8286416,2,2
"y1_d079_PVJ_RZQ",144,"35",144,8286416,0,5
"y1_d079_PVJ_RZQ",145,"35",145,8298166,1,1
"y1_d079_PVJ_RZQ",145,"35",145,8298616,10,4
"y1_d079_PVJ_RZQ",145,"35",145,8298666,255,16
"y1_d079_PVJ_RZQ",145,"35",145,8299316,1,2
"y1_d079_PVJ_RZQ",145,"35",145,8301816,1,3
"y1_d079_PVJ_RZQ",145,"35",145,8302616,3,2
"y1_d079_PVJ_RZQ",145,"35",145,8303066,0,5
"y1_d079_PVJ_RZQ",146,"36",146,8329816,1,1
"y1_d079_PVJ_RZQ",146,"36",146,8330266,2,2
"y1_d079_PVJ_RZQ",146,"36",146,8330266,0,5
"y1_d079_PVJ_RZQ",147,"36",147,8340766,1,1
"y1_d079_PVJ_RZQ",147,"36",147,8341266,2,2
"y1_d079_PVJ_RZQ",147,"36",147,8341266,0,5
"y1_d079_PVJ_RZQ",148,"36",148,8352016,1,1
"y1_d079_PVJ_RZQ",148,"36",148,8352516,2,2
"y1_d079_PVJ_RZQ",148,"36",148,8352516,0,5
"y1_d079_PVJ_RZQ",149,"36",149,8380566,1,1
"y1_d079_PVJ_RZQ",149,"36",149,8381066,2,2
"y1_d079_PVJ_RZQ",149,"36",149,8381066,0,5
"y1_d079_PVJ_RZQ",150,"36",150,8399016,1,1
"y1_d079_PVJ_RZQ",150,"36",150,8399416,10,4
"y1_d079_PVJ_RZQ",150,"36",150,8400216,0,5
"y1_d079_PVJ_RZQ",151,"36",151,8416616,1,1
"y1_d079_PVJ_RZQ",151,"36",151,8417116,2,2
"y1_d079_PVJ_RZQ",151,"36",151,8417116,0,5
"y1_d079_PVJ_RZQ",152,"36",152,8433916,1,1
"y1_d079_PVJ_RZQ",152,"36",152,8434416,2,2
"y1_d079_PVJ_RZQ",152,"36",152,8434416,0,5
"y1_d079_PVJ_RZQ",153,"37",153,8462666,1,1
"y1_d079_PVJ_RZQ",153,"37",153,8463116,2,2
"y1_d079_PVJ_RZQ",153,"37",153,8463116,0,5
"y1_d079_PVJ_RZQ",154,"37",154,8478366,1,1
"y1_d079_PVJ_RZQ",154,"37",154,8478816,10,4
"y1_d079_PVJ_RZQ",154,"37",154,8478866,255,16
"y1_d079_PVJ_RZQ",154,"37",154,8479666,255,16
"y1_d079_PVJ_RZQ",154,"37",154,8480166,255,16
"y1_d079_PVJ_RZQ",154,"37",154,8480516,255,16
"y1_d079_PVJ_RZQ",154,"37",154,8480766,255,16
"y1_d079_PVJ_RZQ",154,"37",154,8481416,5,2
"y1_d079_PVJ_RZQ",154,"37",154,8482066,5,3
"y1_d079_PVJ_RZQ",154,"37",154,8483016,3,2
"y1_d079_PVJ_RZQ",154,"37",154,8483416,0,5
"y1_d079_PVJ_RZQ",155,"38",155,8627766,1,1
"y1_d079_PVJ_RZQ",155,"38",155,8628216,10,4
"y1_d079_PVJ_RZQ",155,"38",155,8628616,0,5
"y1_d079_PVJ_RZQ",156,"38",156,8654316,1,1
"y1_d079_PVJ_RZQ",156,"38",156,8654816,2,2
"y1_d079_PVJ_RZQ",156,"38",156,8654816,0,5
"y1_d079_PVJ_RZQ",157,"38",157,8673666,1,1
"y1_d079_PVJ_RZQ",157,"38",157,8674116,2,2
"y1_d079_PVJ_RZQ",157,"38",157,8674116,0,5
"y1_d079_PVJ_RZQ",158,"38",158,8693466,1,1
"y1_d079_PVJ_RZQ",158,"38",158,8693866,10,4
"y1_d079_PVJ_RZQ",158,"38",158,8694366,0,5
"y1_d079_PVJ_RZQ",159,"38",159,8720316,1,1
"y1_d079_PVJ_RZQ",159,"38",159,8720766,2,2
"y1_d079_PVJ_RZQ",159,"38",159,8720766,0,5
"y1_d079_PVJ_RZQ",160,"39",160,8749566,1,1
"y1_d079_PVJ_RZQ",160,"39",160,8750066,2,2
"y1_d079_PVJ_RZQ",160,"39",160,8750066,0,5
"y1_d079_PVJ_RZQ",161,"39",161,8765266,1,1
"y1_d079_PVJ_RZQ",161,"39",161,8765666,10,4
"y1_d079_PVJ_RZQ",161,"39",161,8765916,255,16
"y1_d079_PVJ_RZQ",161,"39",161,8766316,255,16
"y1_d079_PVJ_RZQ",161,"39",161,8766616,255,16
"y1_d079_PVJ_RZQ",161,"39",161,8766816,255,16
"y1_d079_PVJ_RZQ",161,"39",161,8767316,6,2
"y1_d079_PVJ_RZQ",161,"39",161,8768566,6,3
"y1_d079_PVJ_RZQ",161,"39",161,8769866,3,2
"y1_d079_PVJ_RZQ",161,"39",161,8770166,0,5
"y1_d079_PVJ_RZQ",162,"40",162,8804866,1,1
"y1_d079_PVJ_RZQ",162,"40",162,8805316,2,2
"y1_d079_PVJ_RZQ",162,"40",162,8805316,0,5
"y1_d079_PVJ_RZQ",163,"40",163,8822966,1,1
"y1_d079_PVJ_RZQ",163,"40",163,8823316,10,4
"y1_d079_PVJ_RZQ",163,"40",163,8823566,255,16
"y1_d079_PVJ_RZQ",163,"40",163,8823966,255,16
"y1_d079_PVJ_RZQ",163,"40",163,8824316,255,16
"y1_d079_PVJ_RZQ",163,"40",163,8824666,255,16
"y1_d079_PVJ_RZQ",163,"40",163,8824916,255,16
"y1_d079_PVJ_RZQ",163,"40",163,8825266,255,16
"y1_d079_PVJ_RZQ",163,"40",163,8825516,255,16
"y1_d079_PVJ_RZQ",163,"40",163,8827566,9,2
"y1_d079_PVJ_RZQ",163,"40",163,8829516,9,3
"y1_d079_PVJ_RZQ",163,"40",163,8831466,4,2
"y1_d079_PVJ_RZQ",163,"40",163,8831716,0,5
"y1_d079_PVJ_RZQ",164,"41",164,8867616,1,1
"y1_d079_PVJ_RZQ",164,"41",164,8868066,2,2
"y1_d079_PVJ_RZQ",164,"41",164,8868066,0,5
"y1_d079_PVJ_RZQ",165,"41",165,8891716,1,1
"y1_d079_PVJ_RZQ",165,"41",165,8892166,10,4
"y1_d079_PVJ_RZQ",165,"41",165,8892466,0,5
"y1_d079_PVJ_RZQ",166,"\N",166,8929466,1,6
"y1_d079_PVJ_RZQ",166,"\N",166,8930166,3,2
"y1_d079_PVJ_RZQ",166,"\N",166,8930166,0,5
"y1_d079_PVJ_RZQ",167,"41",167,8954816,1,1
"y1_d079_PVJ_RZQ",167,"41",167,8955266,2,2
"y1_d079_PVJ_RZQ",167,"41",167,8955266,0,5
"y1_d079_PVJ_RZQ",168,"41",168,9038866,1,1
"y1_d079_PVJ_RZQ",168,"41",168,9039316,10,4
"y1_d079_PVJ_RZQ",168,"41",168,9042066,255,16
"y1_d079_PVJ_RZQ",168,"41",168,9042916,255,16
"y1_d079_PVJ_RZQ",168,"41",168,9043166,7,2
"y1_d079_PVJ_RZQ",168,"41",168,9044416,7,3
"y1_d079_PVJ_RZQ",168,"41",168,9045616,255,16
"y1_d079_PVJ_RZQ",168,"41",168,9046366,255,16
"y1_d079_PVJ_RZQ",168,"41",168,9046566,4,9
"y1_d079_PVJ_RZQ",168,"41",168,9046716,255,16
"y1_d079_PVJ_RZQ",168,"41",168,9047166,255,16
"y1_d079_PVJ_RZQ",168,"41",168,9048566,4,2
"y1_d079_PVJ_RZQ",168,"41",168,9049816,0,5
"y1_d079_PVJ_RZQ",169,"42",169,9097666,1,1
"y1_d079_PVJ_RZQ",169,"42",169,9098116,2,2
"y1_d079_PVJ_RZQ",169,"42",169,9098116,0,5
"y1_d079_PVJ_RZQ",170,"42",170,9121516,1,1
"y1_d079_PVJ_RZQ",170,"42",170,9121966,2,2
"y1_d079_PVJ_RZQ",170,"42",170,9121966,0,5
"y1_d079_PVJ_RZQ",171,"42",171,9145466,1,1
"y1_d079_PVJ_RZQ",171,"42",171,9145916,2,2
"y1_d079_PVJ_RZQ",171,"42",171,9145916,0,5
"y1_d079_PVJ_RZQ",172,"43",172,9290816,1,1
"y1_d079_PVJ_RZQ",172,"43",172,9291266,2,2
"y1_d079_PVJ_RZQ",172,"43",172,9291266,0,5
"y1_d079_PVJ_RZQ",173,"43",173,9302616,1,1
"y1_d079_PVJ_RZQ",173,"43",173,9303066,10,4
"y1_d079_PVJ_RZQ",173,"43",173,9303116,255,16
"y1_d079_PVJ_RZQ",173,"43",173,9304566,255,16
"y1_d079_PVJ_RZQ",173,"43",173,9305116,5,2
"y1_d079_PVJ_RZQ",173,"43",173,9306016,5,3
"y1_d079_PVJ_RZQ",173,"43",173,9307216,3,2
"y1_d079_PVJ_RZQ",173,"43",173,9307616,0,5
"y1_d079_PVJ_RZQ",174,"44",174,9339716,1,1
"y1_d079_PVJ_RZQ",174,"44",174,9340216,2,2
"y1_d079_PVJ_RZQ",174,"44",174,9340216,0,5
"y1_d079_PVJ_RZQ",175,"44",175,9350266,1,1
"y1_d079_PVJ_RZQ",175,"44",175,9350666,10,4
"y1_d079_PVJ_RZQ",175,"44",175,9351066,0,5
"y1_d079_PVJ_RZQ",176,"44",176,9376766,1,1
"y1_d079_PVJ_RZQ",176,"44",176,9377216,2,2
"y1_d079_PVJ_RZQ",176,"44",176,9377216,0,5
"y1_d079_PVJ_RZQ",177,"44",177,9394716,1,1
"y1_d079_PVJ_RZQ",177,"44",177,9395216,2,2
"y1_d079_PVJ_RZQ",177,"44",177,9395216,0,5
"y1_d079_PVJ_RZQ",178,"44",178,9406716,1,1
"y1_d079_PVJ_RZQ",178,"44",178,9407166,2,2
"y1_d079_PVJ_RZQ",178,"44",178,9407166,0,5
"y1_d079_PVJ_RZQ",179,"45",179,9439616,1,1
"y1_d079_PVJ_RZQ",179,"45",179,9440016,10,4
"y1_d079_PVJ_RZQ",179,"45",179,9440066,255,16
"y1_d079_PVJ_RZQ",179,"45",179,9441116,255,16
"y1_d079_PVJ_RZQ",179,"45",179,9441716,4,2
"y1_d079_PVJ_RZQ",179,"45",179,9442066,4,3
"y1_d079_PVJ_RZQ",179,"45",179,9442666,6,2
"y1_d079_PVJ_RZQ",179,"45",179,9443266,6,3
"y1_d079_PVJ_RZQ",179,"45",179,9444166,3,2
"y1_d079_PVJ_RZQ",179,"45",179,9444416,0,5
"y1_d079_PVJ_RZQ",180,"46",180,9589666,1,1
"y1_d079_PVJ_RZQ",180,"46",180,9590116,2,2
"y1_d079_PVJ_RZQ",180,"46",180,9590116,0,5
"y1_d079_PVJ_RZQ",181,"46",181,9606466,1,1
"y1_d079_PVJ_RZQ",181,"46",181,9606966,2,2
"y1_d079_PVJ_RZQ",181,"46",181,9606966,0,5
"y1_d079_PVJ_RZQ",182,"46",182,9624116,1,1
"y1_d079_PVJ_RZQ",182,"46",182,9624516,10,4
"y1_d079_PVJ_RZQ",182,"46",182,9630016,7,2
"y1_d079_PVJ_RZQ",182,"46",182,9630366,0,5
"y1_d079_PVJ_RZQ",183,"47",183,9659716,1,1
"y1_d079_PVJ_RZQ",183,"47",183,9660166,10,4
"y1_d079_PVJ_RZQ",183,"47",183,9660266,255,16
"y1_d079_PVJ_RZQ",183,"47",183,9661116,255,16
"y1_d079_PVJ_RZQ",183,"47",183,9661566,255,16
"y1_d079_PVJ_RZQ",183,"47",183,9661916,255,16
"y1_d079_PVJ_RZQ",183,"47",183,9662166,255,16
"y1_d079_PVJ_RZQ",183,"47",183,9662266,6,2
"y1_d079_PVJ_RZQ",183,"47",183,9663216,6,3
"y1_d079_PVJ_RZQ",183,"47",183,9664266,3,2
"y1_d079_PVJ_RZQ",183,"47",183,9664616,0,5
"y1_d079_PVJ_RZQ",184,"48",184,9695366,1,1
"y1_d079_PVJ_RZQ",184,"48",184,9695816,2,2
"y1_d079_PVJ_RZQ",184,"48",184,9695816,0,5
"y1_d079_PVJ_RZQ",185,"\N",185,9712016,1,1
"y1_d079_PVJ_RZQ",185,"\N",185,9712516,2,2
"y1_d079_PVJ_RZQ",185,"\N",185,9712516,0,5
"y1_d079_PVJ_RZQ",186,"48",186,9729266,1,1
"y1_d079_PVJ_RZQ",186,"48",186,9729716,2,2
"y1_d079_PVJ_RZQ",186,"48",186,9729716,0,5
"y1_d079_PVJ_RZQ",187,"48",187,9747866,1,1
"y1_d079_PVJ_RZQ",187,"48",187,9748266,10,4
"y1_d079_PVJ_RZQ",187,"48",187,9748316,255,16
"y1_d079_PVJ_RZQ",187,"48",187,9749916,255,16
"y1_d079_PVJ_RZQ",187,"48",187,9750416,6,2
"y1_d079_PVJ_RZQ",187,"48",187,9751316,6,3
"y1_d079_PVJ_RZQ",187,"48",187,9752166,3,2
"y1_d079_PVJ_RZQ",187,"48",187,9752416,0,5
"y1_d079_PVJ_RZQ",188,"49",188,9887016,1,1
"y1_d079_PVJ_RZQ",188,"49",188,9887516,2,2
"y1_d079_PVJ_RZQ",188,"49",188,9887516,0,5
"y1_d079_PVJ_RZQ",189,"49",189,9902366,1,1
"y1_d079_PVJ_RZQ",189,"49",189,9902866,2,2
"y1_d079_PVJ_RZQ",189,"49",189,9902866,0,5
"y1_d079_PVJ_RZQ",190,"49",190,9917916,1,1
"y1_d079_PVJ_RZQ",190,"49",190,9918366,2,2
"y1_d079_PVJ_RZQ",190,"49",190,9918366,0,5
"y1_d079_PVJ_RZQ",191,"49",191,9935266,1,1
"y1_d079_PVJ_RZQ",191,"49",191,9935716,2,2
"y1_d079_PVJ_RZQ",191,"49",191,9935716,0,5
"y1_d079_PVJ_RZQ",192,"49",192,9950366,1,1
"y1_d079_PVJ_RZQ",192,"49",192,9950816,10,4
"y1_d079_PVJ_RZQ",192,"49",192,9950866,255,16
"y1_d079_PVJ_RZQ",192,"49",192,9951916,255,16
"y1_d079_PVJ_RZQ",192,"49",192,9952616,6,2
"y1_d079_PVJ_RZQ",192,"49",192,9953816,6,3
"y1_d079_PVJ_RZQ",192,"49",192,9954866,3,2
"y1_d079_PVJ_RZQ",192,"49",192,9955216,0,5
"y1_d079_PVJ_RZQ",193,"50",193,9981116,1,1
"y1_d079_PVJ_RZQ",193,"50",193,9981566,10,4
"y1_d079_PVJ_RZQ",193,"50",193,9982016,0,5
"y1_d079_PVJ_RZQ",194,"50",194,9997616,1,1
"y1_d079_PVJ_RZQ",194,"50",194,9998016,10,4
"y1_d079_PVJ_RZQ",194,"50",194,10000966,8,2
"y1_d079_PVJ_RZQ",194,"50",194,10001316,0,5
"y1_d079_PVJ_RZQ",195,"51",195,10027016,1,1
"y1_d079_PVJ_RZQ",195,"51",195,10027466,10,4
"y1_d079_PVJ_RZQ",195,"51",195,10027516,255,16
"y1_d079_PVJ_RZQ",195,"51",195,10028866,255,16
"y1_d079_PVJ_RZQ",195,"51",195,10029566,255,16
"y1_d079_PVJ_RZQ",195,"51",195,10030116,6,2
"y1_d079_PVJ_RZQ",195,"51",195,10030766,6,3
"y1_d079_PVJ_RZQ",195,"51",195,10031816,3,2
"y1_d079_PVJ_RZQ",195,"51",195,10032016,0,5
"y1_d079_PVJ_RZQ",196,"52",196,10178716,1,1
"y1_d079_PVJ_RZQ",196,"52",196,10179166,2,2
"y1_d079_PVJ_RZQ",196,"52",196,10179166,0,5
"y1_d079_PVJ_RZQ",197,"52",197,10193616,1,1
"y1_d079_PVJ_RZQ",197,"52",197,10194066,10,4
"y1_d079_PVJ_RZQ",197,"52",197,10199816,9,2
"y1_d079_PVJ_RZQ",197,"52",197,10200016,0,5
"y1_d079_PVJ_RZQ",198,"53",198,10229466,1,1
"y1_d079_PVJ_RZQ",198,"53",198,10229966,2,2
"y1_d079_PVJ_RZQ",198,"53",198,10229966,0,5
"y1_d079_PVJ_RZQ",199,"53",199,10241666,1,1
"y1_d079_PVJ_RZQ",199,"53",199,10242266,2,2
"y1_d079_PVJ_RZQ",199,"53",199,10242266,0,5
"y1_d079_PVJ_RZQ",200,"53",200,10256916,1,1
"y1_d079_PVJ_RZQ",200,"53",200,10257366,2,2
"y1_d079_PVJ_RZQ",200,"53",200,10257366,0,5
"y1_d079_PVJ_RZQ",201,"53",201,10271816,1,1
"y1_d079_PVJ_RZQ",201,"53",201,10272366,10,4
"y1_d079_PVJ_RZQ",201,"53",201,10277166,7,2
"y1_d079_PVJ_RZQ",201,"53",201,10277466,0,5
"y1_d079_PVJ_RZQ",202,"54",202,10302966,1,1
"y1_d079_PVJ_RZQ",202,"54",202,10303366,10,4
"y1_d079_PVJ_RZQ",202,"54",202,10309866,8,2
"y1_d079_PVJ_RZQ",202,"54",202,10310066,0,5
"y1_d079_PVJ_RZQ",203,"55",203,10443866,1,1
"y1_d079_PVJ_RZQ",203,"55",203,10444316,10,4
"y1_d079_PVJ_RZQ",203,"55",203,10448366,255,11
"y1_d079_PVJ_RZQ",203,"55",203,10448966,0,5
"y1_d079_PVJ_RZQ",204,"56",204,10488066,1,1
"y1_d079_PVJ_RZQ",204,"56",204,10488566,2,2
"y1_d079_PVJ_RZQ",204,"56",204,10488566,0,5
"y1_d079_PVJ_RZQ",205,"56",205,10501066,1,1
"y1_d079_PVJ_RZQ",205,"56",205,10501466,10,4
"y1_d079_PVJ_RZQ",205,"56",205,10502866,6,2
"y1_d079_PVJ_RZQ",205,"56",205,10503166,0,5
"y1_d079_PVJ_RZQ",206,"57",206,10530116,1,1
"y1_d079_PVJ_RZQ",206,"57",206,10530616,2,2
"y1_d079_PVJ_RZQ",206,"57",206,10530616,0,5
"y1_d079_PVJ_RZQ",207,"57",207,10542566,1,1
"y1_d079_PVJ_RZQ",207,"57",207,10543066,2,2
"y1_d079_PVJ_RZQ",207,"57",207,10543066,0,5
"y1_d079_PVJ_RZQ",208,"57",208,10556516,1,1
"y1_d079_PVJ_RZQ",208,"57",208,10557016,2,2
"y1_d079_PVJ_RZQ",208,"57",208,10557016,0,5
"y1_d079_PVJ_RZQ",209,"57",209,10572466,1,1
"y1_d079_PVJ_RZQ",209,"57",209,10572966,2,2
"y1_d079_PVJ_RZQ",209,"57",209,10572966,0,5
"y1_d079_PVJ_RZQ",210,"58",210,10636366,1,1
"y1_d079_PVJ_RZQ",210,"58",210,10636816,2,2
"y1_d079_PVJ_RZQ",210,"58",210,10636816,0,5
"y1_d079_PVJ_RZQ",211,"58",211,10648566,1,1
"y1_d079_PVJ_RZQ",211,"58",211,10648966,10,4
"y1_d079_PVJ_RZQ",211,"58",211,10649016,255,16
"y1_d079_PVJ_RZQ",211,"58",211,10650316,255,16
"y1_d079_PVJ_RZQ",211,"58",211,10650866,255,16
"y1_d079_PVJ_RZQ",211,"58",211,10651016,6,2
"y1_d079_PVJ_RZQ",211,"58",211,10651816,6,3
"y1_d079_PVJ_RZQ",211,"58",211,10652816,3,2
"y1_d079_PVJ_RZQ",211,"58",211,10653066,0,5
"y1_d079_PVJ_RZQ",212,"59",212,10683916,1,1
"y1_d079_PVJ_RZQ",212,"59",212,10684416,2,2
"y1_d079_PVJ_RZQ",212,"59",212,10684416,0,5
"y1_d079_PVJ_RZQ",213,"59",213,10700216,1,1
"y1_d079_PVJ_RZQ",213,"59",213,10700716,2,2
"y1_d079_PVJ_RZQ",213,"59",213,10700716,0,5
"y1_d079_PVJ_RZQ",214,"59",214,10716166,1,1
"y1_d079_PVJ_RZQ",214,"59",214,10716666,2,2
"y1_d079_PVJ_RZQ",214,"59",214,10716666,0,5
"y1_d079_PVJ_RZQ",215,"59",215,10732316,1,1
"y1_d079_PVJ_RZQ",215,"59",215,10732816,2,2
"y1_d079_PVJ_RZQ",215,"59",215,10732816,0,5
"y1_d079_PVJ_RZQ",216,"59",216,10749566,1,1
"y1_d079_PVJ_RZQ",216,"59",216,10749966,10,4
"y1_d079_PVJ_RZQ",216,"59",216,10750016,255,16
"y1_d079_PVJ_RZQ",216,"59",216,10751316,255,16
"y1_d079_PVJ_RZQ",216,"59",216,10751766,6,2
"y1_d079_PVJ_RZQ",216,"59",216,10752716,6,3
"y1_d079_PVJ_RZQ",216,"59",216,10753866,3,2
"y1_d079_PVJ_RZQ",216,"59",216,10753916,0,5
"y1_d079_PVJ_RZQ",217,"60",217,10880966,1,1
"y1_d079_PVJ_RZQ",217,"60",217,10881416,2,2
"y1_d079_PVJ_RZQ",217,"60",217,10881416,0,5
"y1_d079_PVJ_RZQ",218,"60",218,10902516,1,1
"y1_d079_PVJ_RZQ",218,"60",218,10902916,10,4
"y1_d079_PVJ_RZQ",218,"60",218,10903266,0,5
"y1_d079_PVJ_RZQ",219,"60",219,10918466,1,1
"y1_d079_PVJ_RZQ",219,"60",219,10919016,2,2
"y1_d079_PVJ_RZQ",219,"60",219,10919016,0,5
"y1_d079_PVJ_RZQ",220,"60",220,10932666,1,1
"y1_d079_PVJ_RZQ",220,"60",220,10933266,2,2
"y1_d079_PVJ_RZQ",220,"60",220,10933266,0,5
"y1_d079_PVJ_RZQ",221,"61",221,10958416,1,1
"y1_d079_PVJ_RZQ",221,"61",221,10958866,2,2
"y1_d079_PVJ_RZQ",221,"61",221,10958866,0,5
"y1_d079_PVJ_RZQ",222,"61",222,10972966,1,1
"y1_d079_PVJ_RZQ",222,"61",222,10973516,10,4
"y1_d079_PVJ_RZQ",222,"61",222,10973816,0,5
"y1_d079_PVJ_RZQ",223,"61",223,10993416,1,1
"y1_d079_PVJ_RZQ",223,"61",223,10993866,2,2
"y1_d079_PVJ_RZQ",223,"61",223,10993866,0,5
"y1_d079_PVJ_RZQ",224,"61",224,11010116,1,1
"y1_d079_PVJ_RZQ",224,"61",224,11010616,10,4
"y1_d079_PVJ_RZQ",224,"61",224,11010666,255,16
"y1_d079_PVJ_RZQ",224,"61",224,11011566,255,16
"y1_d079_PVJ_RZQ",224,"61",224,11012166,255,16
"y1_d079_PVJ_RZQ",224,"61",224,11012516,4,2
"y1_d079_PVJ_RZQ",224,"61",224,11013866,4,3
"y1_d079_PVJ_RZQ",224,"61",224,11014716,3,2
"y1_d079_PVJ_RZQ",224,"61",224,11015066,0,5
"y1_d079_PVJ_RZQ",225,"62",225,11038716,1,1
"y1_d079_PVJ_RZQ",225,"62",225,11039166,10,4
"y1_d079_PVJ_RZQ",225,"62",225,11044066,7,2
"y1_d079_PVJ_RZQ",225,"62",225,11044366,0,5
"y1_d079_PVJ_RZQ",226,"63",226,11192666,1,1
"y1_d079_PVJ_RZQ",226,"63",226,11193116,2,2
"y1_d079_PVJ_RZQ",226,"63",226,11193116,0,5
"y1_d079_PVJ_RZQ",227,"63",227,11207166,1,1
"y1_d079_PVJ_RZQ",227,"63",227,11207666,2,2
"y1_d079_PVJ_RZQ",227,"63",227,11207666,0,5
"y1_d079_PVJ_RZQ",228,"63",228,11226616,1,1
"y1_d079_PVJ_RZQ",228,"63",228,11227116,2,2
"y1_d079_PVJ_RZQ",228,"63",228,11227116,0,5
"y1_d079_PVJ_RZQ",229,"63",229,11249716,1,1
"y1_d079_PVJ_RZQ",229,"63",229,11250166,10,4
"y1_d079_PVJ_RZQ",229,"63",229,11250216,255,16
"y1_d079_PVJ_RZQ",229,"63",229,11251416,255,16
"y1_d079_PVJ_RZQ",229,"63",229,11252166,255,16
"y1_d079_PVJ_RZQ",229,"63",229,11252316,4,2
"y1_d079_PVJ_RZQ",229,"63",229,11253166,4,3
"y1_d079_PVJ_RZQ",229,"63",229,11253966,3,2
"y1_d079_PVJ_RZQ",229,"63",229,11254316,0,5
"y1_d079_PVJ_RZQ",230,"64",230,11284966,1,1
"y1_d079_PVJ_RZQ",230,"64",230,11285466,2,2
"y1_d079_PVJ_RZQ",230,"64",230,11285466,0,5
"y1_d079_PVJ_RZQ",231,"64",231,11302716,1,1
"y1_d079_PVJ_RZQ",231,"64",231,11303166,2,2
"y1_d079_PVJ_RZQ",231,"64",231,11303166,0,5
"y1_d079_PVJ_RZQ",232,"64",232,11323866,1,1
"y1_d079_PVJ_RZQ",232,"64",232,11324316,2,2
"y1_d079_PVJ_RZQ",232,"64",232,11324316,0,5
"y1_d079_PVJ_RZQ",233,"64",233,11341416,1,1
"y1_d079_PVJ_RZQ",233,"64",233,11341916,2,2
"y1_d079_PVJ_RZQ",233,"64",233,11341916,0,5
"y1_d079_PVJ_RZQ",234,"64",234,11363816,1,1
"y1_d079_PVJ_RZQ",234,"64",234,11364316,2,2
"y1_d079_PVJ_RZQ",234,"64",234,11364316,0,5
"y1_d079_PVJ_RZQ",235,"64",235,11386966,1,1
"y1_d079_PVJ_RZQ",235,"64",235,11387366,10,4
"y1_d079_PVJ_RZQ",235,"64",235,11388016,0,5
"y1_d079_PVJ_RZQ",236,"64",236,11415966,1,1
"y1_d079_PVJ_RZQ",236,"64",236,11416366,10,4
"y1_d079_PVJ_RZQ",236,"64",236,11416766,0,5
"y1_d079_PVJ_RZQ",237,"64",237,11445016,1,1
"y1_d079_PVJ_RZQ",237,"64",237,11445366,10,4
"y1_d079_PVJ_RZQ",237,"64",237,11445416,255,16
"y1_d079_PVJ_RZQ",237,"64",237,11446566,255,16
"y1_d079_PVJ_RZQ",237,"64",237,11447116,5,2
"y1_d079_PVJ_RZQ",237,"64",237,11448366,5,3
"y1_d079_PVJ_RZQ",237,"64",237,11449366,3,2
"y1_d079_PVJ_RZQ",237,"64",237,11449766,0,5
"y1_d079_PVJ_RZQ",238,"65",238,11482666,1,1
"y1_d079_PVJ_RZQ",238,"65",238,11483066,10,4
"y1_d079_PVJ_RZQ",238,"65",238,11484916,255,16
"y1_d079_PVJ_RZQ",238,"65",238,11485866,255,16
"y1_d079_PVJ_RZQ",238,"65",238,11486416,255,16
"y1_d079_PVJ_RZQ",238,"65",238,11486816,255,16
"y1_d079_PVJ_RZQ",238,"65",238,11486916,255,10
"y1_d079_PVJ_RZQ",238,"65",238,11487566,255,16
"y1_d079_PVJ_RZQ",238,"65",238,11487666,7,2
"y1_d079_PVJ_RZQ",238,"65",238,11488766,7,3
"y1_d079_PVJ_RZQ",238,"65",238,11490566,255,16
"y1_d079_PVJ_RZQ",238,"65",238,11490966,4,2
"y1_d079_PVJ_RZQ",238,"65",238,11492416,0,5
"y1_d079_PVJ_RZQ",239,"66",239,11528866,1,1
"y1_d079_PVJ_RZQ",239,"66",239,11529366,2,2
"y1_d079_PVJ_RZQ",239,"66",239,11529366,0,5
"y1_d079_PVJ_RZQ",240,"66",240,11547116,1,1
"y1_d079_PVJ_RZQ",240,"66",240,11547516,2,2
"y1_d079_PVJ_RZQ",240,"66",240,11547516,0,5
"y1_d079_PVJ_RZQ",241,"66",241,11564216,1,1
"y1_d079_PVJ_RZQ",241,"66",241,11564666,2,2
"y1_d079_PVJ_RZQ",241,"66",241,11564666,0,5
"y1_d079_PVJ_RZQ",242,"66",242,11587216,1,1
"y1_d079_PVJ_RZQ",242,"66",242,11587716,2,2
"y1_d079_PVJ_RZQ",242,"66",242,11587716,0,5
"y1_d079_PVJ_RZQ",243,"66",243,11605066,1,1
"y1_d079_PVJ_RZQ",243,"66",243,11605466,10,4
"y1_d079_PVJ_RZQ",243,"66",243,11605516,255,16
"y1_d079_PVJ_RZQ",243,"66",243,11606216,1,2
"y1_d079_PVJ_RZQ",243,"66",243,11608666,1,3
"y1_d079_PVJ_RZQ",243,"66",243,11609666,3,2
"y1_d079_PVJ_RZQ",243,"66",243,11610016,0,5
"y1_d079_PVJ_RZQ",244,"67",244,11756066,1,1
"y1_d079_PVJ_RZQ",244,"67",244,11756516,10,4
"y1_d079_PVJ_RZQ",244,"67",244,11758566,7,2
"y1_d079_PVJ_RZQ",244,"67",244,11758866,0,5
"y1_d079_PVJ_RZQ",245,"68",245,11791116,1,1
"y1_d079_PVJ_RZQ",245,"68",245,11791566,2,2
"y1_d079_PVJ_RZQ",245,"68",245,11791566,0,5
"y1_d079_PVJ_RZQ",246,"68",246,11809666,1,1
"y1_d079_PVJ_RZQ",246,"68",246,11810216,2,2
"y1_d079_PVJ_RZQ",246,"68",246,11810216,0,5
"y1_d079_PVJ_RZQ",247,"68",247,11829216,1,1
"y1_d079_PVJ_RZQ",247,"68",247,11829666,10,4
"y1_d079_PVJ_RZQ",247,"68",247,11829966,0,5
"y1_d079_PVJ_RZQ",248,"68",248,11862416,1,1
"y1_d079_PVJ_RZQ",248,"68",248,11862916,2,2
"y1_d079_PVJ_RZQ",248,"68",248,11862916,0,5
"y1_d079_PVJ_RZQ",249,"69",249,11895216,1,1
"y1_d079_PVJ_RZQ",249,"69",249,11895716,2,2
"y1_d079_PVJ_RZQ",249,"69",249,11895716,0,5
"y1_d079_PVJ_RZQ",250,"69",250,11912866,1,1
"y1_d079_PVJ_RZQ",250,"69",250,11913316,2,2
"y1_d079_PVJ_RZQ",250,"69",250,11913316,0,5
"y1_d079_PVJ_RZQ",251,"69",251,11933316,1,1
"y1_d079_PVJ_RZQ",251,"69",251,11933866,2,2
"y1_d079_PVJ_RZQ",251,"69",251,11933866,0,5
"y1_d079_PVJ_RZQ",252,"69",252,11951866,1,1
"y1_d079_PVJ_RZQ",252,"69",252,11952366,2,2
"y1_d079_PVJ_RZQ",252,"69",252,11952366,0,5
"y1_d079_PVJ_RZQ",253,"69",253,11974366,1,1
"y1_d079_PVJ_RZQ",253,"69",253,11974766,10,4
"y1_d079_PVJ_RZQ",253,"69",253,11979616,255,16
"y1_d079_PVJ_RZQ",253,"69",253,11980166,255,10
"y1_d079_PVJ_RZQ",253,"69",253,11981016,8,2
"y1_d079_PVJ_RZQ",253,"69",253,11982216,8,3
"y1_d079_PVJ_RZQ",253,"69",253,11984016,6,2
"y1_d079_PVJ_RZQ",253,"69",253,11984816,0,5
"y1_d079_PVJ_RZQ",254,"70",254,12025216,1,1
"y1_d079_PVJ_RZQ",254,"70",254,12025766,255,16
"y1_d079_PVJ_RZQ",254,"70",254,12030066,0,5
"y1_d079_PVJ_RZQ",255,"70",255,12057116,1,1
"y1_d079_PVJ_RZQ",255,"70",255,12057566,2,2
"y1_d079_PVJ_RZQ",255,"70",255,12057566,0,5
"y1_d079_PVJ_RZQ",256,"70",256,12074316,1,1
"y1_d079_PVJ_RZQ",256,"70",256,12074766,2,2
"y1_d079_PVJ_RZQ",256,"70",256,12074766,0,5
"y1_d079_PVJ_RZQ",257,"70",257,12094516,1,1
"y1_d079_PVJ_RZQ",257,"70",257,12094966,2,2
"y1_d079_PVJ_RZQ",257,"70",257,12094966,0,5
"y1_d079_PVJ_RZQ",258,"70",258,12112066,1,1
"y1_d079_PVJ_RZQ",258,"70",258,12112616,2,2
"y1_d079_PVJ_RZQ",258,"70",258,12112616,0,5
"y1_d079_PVJ_RZQ",259,"70",259,12133816,1,1
"y1_d079_PVJ_RZQ",259,"70",259,12134316,2,2
"y1_d079_PVJ_RZQ",259,"70",259,12134316,0,5
"y1_d079_PVJ_RZQ",260,"71",260,12185916,1,1
"y1_d079_PVJ_RZQ",260,"71",260,12186466,2,2
"y1_d079_PVJ_RZQ",260,"71",260,12186466,0,5
"y1_d079_PVJ_RZQ",261,"\N",261,12202516,1,6
"y1_d079_PVJ_RZQ",261,"\N",261,12203316,3,2
"y1_d079_PVJ_RZQ",261,"\N",261,12203316,0,5
"y1_d079_PVJ_RZQ",262,"\N",262,12224266,1,6
"y1_d079_PVJ_RZQ",262,"\N",262,12224816,3,2
"y1_d079_PVJ_RZQ",262,"\N",262,12224816,0,5
"y1_d079_PVJ_RZQ",263,"71",263,12246266,1,1
"y1_d079_PVJ_RZQ",263,"71",263,12246716,10,4
"y1_d079_PVJ_RZQ",263,"71",263,12252516,9,2
"y1_d079_PVJ_RZQ",263,"71",263,12253116,0,5
"y1_d079_PVJ_RZQ",264,"72",264,12417916,1,1
"y1_d079_PVJ_RZQ",264,"72",264,12418316,10,4
"y1_d079_PVJ_RZQ",264,"72",264,12418466,255,16
"y1_d079_PVJ_RZQ",264,"72",264,12418916,255,16
"y1_d079_PVJ_RZQ",264,"72",264,12419416,255,16
"y1_d079_PVJ_RZQ",264,"72",264,12419766,255,16
"y1_d079_PVJ_RZQ",264,"72",264,12420066,255,16
"y1_d079_PVJ_RZQ",264,"72",264,12421966,7,2
"y1_d079_PVJ_RZQ",264,"72",264,12423266,7,3
"y1_d079_PVJ_RZQ",264,"72",264,12424766,255,16
"y1_d079_PVJ_RZQ",264,"72",264,12425116,6,2
"y1_d079_PVJ_RZQ",264,"72",264,12425266,0,5
"y1_d079_PVJ_RZQ",265,"73",265,12453266,1,1
"y1_d079_PVJ_RZQ",265,"73",265,12453716,2,2
"y1_d079_PVJ_RZQ",265,"73",265,12453716,0,5
"y1_d079_PVJ_RZQ",266,"73",266,12469416,1,1
"y1_d079_PVJ_RZQ",266,"73",266,12469816,10,4
"y1_d079_PVJ_RZQ",266,"73",266,12470216,0,5
"y1_d079_PVJ_RZQ",267,"73",267,12488716,1,1
"y1_d079_PVJ_RZQ",267,"73",267,12489166,10,4
"y1_d079_PVJ_RZQ",267,"73",267,12494666,8,2
"y1_d079_PVJ_RZQ",267,"73",267,12496916,8,3
"y1_d079_PVJ_RZQ",267,"73",267,12497966,4,2
"y1_d079_PVJ_RZQ",267,"73",267,12498516,0,5
"y1_d079_PVJ_RZQ",268,"74",268,12522166,1,1
"y1_d079_PVJ_RZQ",268,"74",268,12522666,2,2
"y1_d079_PVJ_RZQ",268,"74",268,12522666,0,5
"y1_d079_PVJ_RZQ",269,"74",269,12537516,1,1
"y1_d079_PVJ_RZQ",269,"74",269,12537966,2,2
"y1_d079_PVJ_RZQ",269,"74",269,12537966,0,5
"y1_d079_PVJ_RZQ",270,"74",270,12555966,1,1
"y1_d079_PVJ_RZQ",270,"74",270,12556416,2,2
"y1_d079_PVJ_RZQ",270,"74",270,12556416,0,5
"y1_d079_PVJ_RZQ",271,"74",271,12574116,1,1
"y1_d079_PVJ_RZQ",271,"74",271,12574616,2,2
"y1_d079_PVJ_RZQ",271,"74",271,12574616,0,5
"y1_d079_PVJ_RZQ",272,"74",272,12593966,1,1
"y1_d079_PVJ_RZQ",272,"74",272,12594366,10,4
"y1_d079_PVJ_RZQ",272,"74",272,12594616,0,5
"y1_d079_PVJ_RZQ",273,"74",273,12619266,1,1
"y1_d079_PVJ_RZQ",273,"74",273,12619766,2,2
"y1_d079_PVJ_RZQ",273,"74",273,12619766,0,5
"y1_d079_PVJ_RZQ",274,"75",274,12653066,1,1
"y1_d079_PVJ_RZQ",274,"75",274,12653566,2,2
"y1_d079_PVJ_RZQ",274,"75",274,12653566,0,5
"y1_d079_PVJ_RZQ",275,"75",275,12687066,1,1
"y1_d079_PVJ_RZQ",275,"75",275,12687566,2,2
"y1_d079_PVJ_RZQ",275,"75",275,12687566,0,5
"y1_d079_PVJ_RZQ",276,"75",276,12705866,1,1
"y1_d079_PVJ_RZQ",276,"75",276,12706316,2,2
"y1_d079_PVJ_RZQ",276,"75",276,12706316,0,5
"y1_d079_PVJ_RZQ",277,"75",277,12725416,1,1
"y1_d079_PVJ_RZQ",277,"75",277,12725866,2,2
"y1_d079_PVJ_RZQ",277,"75",277,12725866,0,5
"y1_d079_PVJ_RZQ",278,"75",278,12744466,1,1
"y1_d079_PVJ_RZQ",278,"75",278,12744966,10,4
"y1_d079_PVJ_RZQ",278,"75",278,12749466,4,2
"y1_d079_PVJ_RZQ",278,"75",278,12749816,0,5
